end_of_month,total_volume,rt_payment_volume,bat_payment_volume,rtctp_volume,rtddp_volume,rtctp_pp_payee_proxy_id_volume,rtctp_pp_payee_acc_no_volume,rtctp_other_payment_volume,total_value_hkd_thousand,rt_payment_value_hkd_thousand,bat_payment_value_hkd_thousand,rtctp_value_hkd_thousand,rtddp_value_hkd_thousand,rtctp_pp_payee_proxy_id_value_hkd_thousand,rtctp_pp_payee_acc_no_value_hkd_thousand,rtctp_other_payment_value_hkd_thousand,is_partial_launch_month,is_complete_calendar_month,total_value_hkd,total_avg_hkd,total_volume_mom_abs,total_volume_mom_pct,total_volume_yoy_abs,total_volume_yoy_pct,total_volume_ma12,total_value_hkd_mom_abs,total_value_hkd_mom_pct,total_value_hkd_yoy_abs,total_value_hkd_yoy_pct,total_value_hkd_ma12,total_avg_hkd_mom_abs,total_avg_hkd_mom_pct,total_avg_hkd_yoy_abs,total_avg_hkd_yoy_pct,total_avg_hkd_ma12,total_volume_share_total_pct,total_value_hkd_share_total_pct,rt_payment_value_hkd,rt_payment_avg_hkd,rt_payment_volume_mom_abs,rt_payment_volume_mom_pct,rt_payment_volume_yoy_abs,rt_payment_volume_yoy_pct,rt_payment_volume_ma12,rt_payment_value_hkd_mom_abs,rt_payment_value_hkd_mom_pct,rt_payment_value_hkd_yoy_abs,rt_payment_value_hkd_yoy_pct,rt_payment_value_hkd_ma12,rt_payment_avg_hkd_mom_abs,rt_payment_avg_hkd_mom_pct,rt_payment_avg_hkd_yoy_abs,rt_payment_avg_hkd_yoy_pct,rt_payment_avg_hkd_ma12,rt_payment_volume_share_total_pct,rt_payment_value_hkd_share_total_pct,bat_payment_value_hkd,bat_payment_avg_hkd,bat_payment_volume_mom_abs,bat_payment_volume_mom_pct,bat_payment_volume_yoy_abs,bat_payment_volume_yoy_pct,bat_payment_volume_ma12,bat_payment_value_hkd_mom_abs,bat_payment_value_hkd_mom_pct,bat_payment_value_hkd_yoy_abs,bat_payment_value_hkd_yoy_pct,bat_payment_value_hkd_ma12,bat_payment_avg_hkd_mom_abs,bat_payment_avg_hkd_mom_pct,bat_payment_avg_hkd_yoy_abs,bat_payment_avg_hkd_yoy_pct,bat_payment_avg_hkd_ma12,bat_payment_volume_share_total_pct,bat_payment_value_hkd_share_total_pct,rtctp_value_hkd,rtctp_avg_hkd,rtctp_volume_mom_abs,rtctp_volume_mom_pct,rtctp_volume_yoy_abs,rtctp_volume_yoy_pct,rtctp_volume_ma12,rtctp_value_hkd_mom_abs,rtctp_value_hkd_mom_pct,rtctp_value_hkd_yoy_abs,rtctp_value_hkd_yoy_pct,rtctp_value_hkd_ma12,rtctp_avg_hkd_mom_abs,rtctp_avg_hkd_mom_pct,rtctp_avg_hkd_yoy_abs,rtctp_avg_hkd_yoy_pct,rtctp_avg_hkd_ma12,rtctp_volume_share_total_pct,rtctp_value_hkd_share_total_pct,rtddp_value_hkd,rtddp_avg_hkd,rtddp_volume_mom_abs,rtddp_volume_mom_pct,rtddp_volume_yoy_abs,rtddp_volume_yoy_pct,rtddp_volume_ma12,rtddp_value_hkd_mom_abs,rtddp_value_hkd_mom_pct,rtddp_value_hkd_yoy_abs,rtddp_value_hkd_yoy_pct,rtddp_value_hkd_ma12,rtddp_avg_hkd_mom_abs,rtddp_avg_hkd_mom_pct,rtddp_avg_hkd_yoy_abs,rtddp_avg_hkd_yoy_pct,rtddp_avg_hkd_ma12,rtddp_volume_share_total_pct,rtddp_value_hkd_share_total_pct,rtctp_pp_payee_proxy_id_value_hkd,rtctp_pp_payee_proxy_id_avg_hkd,rtctp_pp_payee_proxy_id_volume_mom_abs,rtctp_pp_payee_proxy_id_volume_mom_pct,rtctp_pp_payee_proxy_id_volume_yoy_abs,rtctp_pp_payee_proxy_id_volume_yoy_pct,rtctp_pp_payee_proxy_id_volume_ma12,rtctp_pp_payee_proxy_id_value_hkd_mom_abs,rtctp_pp_payee_proxy_id_value_hkd_mom_pct,rtctp_pp_payee_proxy_id_value_hkd_yoy_abs,rtctp_pp_payee_proxy_id_value_hkd_yoy_pct,rtctp_pp_payee_proxy_id_value_hkd_ma12,rtctp_pp_payee_proxy_id_avg_hkd_mom_abs,rtctp_pp_payee_proxy_id_avg_hkd_mom_pct,rtctp_pp_payee_proxy_id_avg_hkd_yoy_abs,rtctp_pp_payee_proxy_id_avg_hkd_yoy_pct,rtctp_pp_payee_proxy_id_avg_hkd_ma12,rtctp_pp_payee_proxy_id_volume_share_total_pct,rtctp_pp_payee_proxy_id_value_hkd_share_total_pct,rtctp_pp_payee_acc_no_value_hkd,rtctp_pp_payee_acc_no_avg_hkd,rtctp_pp_payee_acc_no_volume_mom_abs,rtctp_pp_payee_acc_no_volume_mom_pct,rtctp_pp_payee_acc_no_volume_yoy_abs,rtctp_pp_payee_acc_no_volume_yoy_pct,rtctp_pp_payee_acc_no_volume_ma12,rtctp_pp_payee_acc_no_value_hkd_mom_abs,rtctp_pp_payee_acc_no_value_hkd_mom_pct,rtctp_pp_payee_acc_no_value_hkd_yoy_abs,rtctp_pp_payee_acc_no_value_hkd_yoy_pct,rtctp_pp_payee_acc_no_value_hkd_ma12,rtctp_pp_payee_acc_no_avg_hkd_mom_abs,rtctp_pp_payee_acc_no_avg_hkd_mom_pct,rtctp_pp_payee_acc_no_avg_hkd_yoy_abs,rtctp_pp_payee_acc_no_avg_hkd_yoy_pct,rtctp_pp_payee_acc_no_avg_hkd_ma12,rtctp_pp_payee_acc_no_volume_share_total_pct,rtctp_pp_payee_acc_no_value_hkd_share_total_pct,rtctp_other_payment_value_hkd,rtctp_other_payment_avg_hkd,rtctp_other_payment_volume_mom_abs,rtctp_other_payment_volume_mom_pct,rtctp_other_payment_volume_yoy_abs,rtctp_other_payment_volume_yoy_pct,rtctp_other_payment_volume_ma12,rtctp_other_payment_value_hkd_mom_abs,rtctp_other_payment_value_hkd_mom_pct,rtctp_other_payment_value_hkd_yoy_abs,rtctp_other_payment_value_hkd_yoy_pct,rtctp_other_payment_value_hkd_ma12,rtctp_other_payment_avg_hkd_mom_abs,rtctp_other_payment_avg_hkd_mom_pct,rtctp_other_payment_avg_hkd_yoy_abs,rtctp_other_payment_avg_hkd_yoy_pct,rtctp_other_payment_avg_hkd_ma12,rtctp_other_payment_volume_share_total_pct,rtctp_other_payment_value_hkd_share_total_pct,rtctp_pp_payee_proxy_id_volume_share_rtctp_pct,rtctp_pp_payee_acc_no_volume_share_rtctp_pct,rtctp_other_payment_volume_share_rtctp_pct,proxy_volume_share_personal_pct,rtctp_pp_payee_proxy_id_value_hkd_share_rtctp_pct,rtctp_pp_payee_acc_no_value_hkd_share_rtctp_pct,rtctp_other_payment_value_hkd_share_rtctp_pct,proxy_value_hkd_share_personal_pct
2018-09,50382,50378,4,48499,1879,35182,12339,978,206810.72119,206794.18518,16.53601,205941.69703,852.48815,43448.17509,151747.86424,10745.6577,True,True,206810721.19,4104.85334424993,,,,,,,,,,,,,,,,100.0,100.0,206794185.18,4104.851029814602,,,,,,,,,,,,,,,,99.9920606565837,99.9920042781608,16536.010000000002,4134.0025000000005,,,,,,,,,,,,,,,,0.007939343416299472,0.007995721839202007,205941697.03,4246.308110064125,,,,,,,,,,,,,,,,96.26255408677702,99.57979733594101,852488.15,453.6924693986163,,,,,,,,,,,,,,,,3.729506569806677,0.41220694221979276,43448175.089999996,1234.9546668751066,,,,,,,,,,,,,,,,69.83049501806201,21.008666688069585,151747864.24,12298.230346057218,,,,,,,,,,,,,,,,24.490889603429796,73.3752405904465,10745657.7,10987.380061349693,,,,,,,,,,,,,,,,1.941169465285221,5.195890057424928,72.54170189076063,25.441761685807958,2.0165364234314107,74.03463731823825,21.097318181111618,73.68486636190754,5.217815456980843,22.258738055922414
2018-10,1682647,1556912,125735,1523839,33073,827615,607595,88629,35981280.07862,33291119.64861,2690160.43001,33275420.42349,15699.22512,2388441.73935,17870004.6853,13016973.99884,False,True,35981280078.62,21383.73650481652,,,,,,,,,,,,,,,,100.0,100.0,33291119648.61,21382.788268450626,,,,,,,,,,,,,,,,92.52754737030405,92.52344434624912,2690160430.0099998,21395.478029267902,,,,,,,,,,,,,,,,7.47245262969595,7.4765556537508715,33275420423.489998,21836.572251720816,,,,,,,,,,,,,,,,90.56201330403823,92.47981269922127,15699225.12,474.6840359205394,,,,,,,,,,,,,,,,1.96553406626583,0.043631647027834466,2388441739.35,2885.933361949699,,,,,,,,,,,,,,,,49.18530149223218,6.638012138898879,17870004685.3,29411.046314238924,,,,,,,,,,,,,,,,36.10947513055323,49.66472745342464,13016973998.84,146870.3697304494,,,,,,,,,,,,,,,,5.267236681252812,36.177073106897765,54.31118379303851,39.87265058841518,5.816165618546316,57.665080371513575,7.1777958293321396,53.70331751747032,39.11888665319755,11.7898563852547
2018-11,1642039,1430323,211716,1429901,422,632329,673317,124255,43077472.8411,34504965.179,8572507.6621,34503871.25905,1093.91995,2452489.71382,19248067.38704,12803314.15819,False,True,43077472841.1,26234.13502425947,-40608.0,-2.4133404094857687,,,,7096192762.479996,19.72190190836634,,,,4850.3985194429515,22.682651922644283,,,,100.0,100.0,34504965179.0,24123.89731480232,-126589.0,-8.130774250567791,,,,1213845530.3899994,3.6461541191831945,,,,2741.1090463516957,12.819231112137434,,,,87.10651817648667,80.0997897585092,8572507662.1,40490.59901991347,85981.0,68.38270966715712,,,,5882347232.09,218.66157744607574,,,,19095.120990645566,89.24839615419872,,,,12.893481823513328,19.9002102414908,34503871259.049995,24130.25185593268,-93938.0,-6.164562004253731,,,,1228450835.5599976,3.691766534955038,,,,2293.679604211866,10.503844549279542,,,,87.08081842148694,80.09725033389151,1093919.95,2592.2273696682464,-32651.0,-98.72403471109365,,,,-14605305.17,-93.03201309849108,,,,2117.543333747707,446.09533363413493,,,,0.025699754999728996,0.00253942461767696,2452489713.82,3878.502668421028,-195286.0,-23.596237380907787,,,,64047974.47000027,2.681579936190135,,,,992.5693064713291,34.393355008057505,,,,38.50876867114606,5.693207033909594,19248067387.04,28586.932139007335,65722.0,10.816744706589093,,,,1378062701.7400017,7.71159675673508,,,,-824.1141752315889,-2.8020566369058626,,,,41.00493350036144,44.68244332261645,12803314158.19,103040.63545281881,35626.0,40.19677532184725,,,,-213659840.64999962,-1.6413940802911628,,,,-43829.73427763059,-29.842462001063335,,,,7.5671162499794455,29.721599977365486,44.22187270307525,47.08836485882589,8.68976243809886,48.4303555481348,7.1078682603672725,55.785239988082324,37.10689175155043,11.301505774350867
2018-12,1995787,1706422,289365,1704416,2006,787365,773717,143334,48598475.32215,36926156.91929,11672318.40286,36923706.52605,2450.39324,3109936.19408,20913559.1206,12900211.21137,False,True,48598475322.15,24350.53205685276,353748.0,21.5432154778297,,,,5521002481.050003,12.816449334006528,,,,-1883.6029674067104,-7.1799697823651805,,,,100.0,100.0,36926156919.29,21639.522298288466,276099.0,19.303262270130592,,,,2421191740.290001,7.016937208108118,,,,-2484.3750165138554,-10.298398240111283,,,,85.50120829527398,75.98213045679636,11672318402.86,40337.699455220914,77649.0,36.676018817661394,,,,3099810740.76,36.1599063301466,,,,-152.89956469255412,-0.37761744304488404,,,,14.498791704726004,24.017869543203638,36923706526.05,21663.55310326235,274515.0,19.19818225177827,,,,2419835267.0000076,7.013228309461973,,,,-2466.6987526703306,-10.222432684903229,,,,85.40069656731906,75.97708833721596,2450393.2399999998,1221.5320239282153,1584.0,375.3554502369668,,,,1356473.2899999998,124.00114743313712,,,,-1370.6953457400311,-52.87712651207185,,,,0.10051172795493707,0.005042119580412372,3109936194.08,3949.8024348046965,155036.0,24.518249202551203,,,,657446480.2599998,26.807308367298326,,,,71.29976638366861,1.838332276117664,,,,39.45135427778615,6.399246423812327,20913559120.6,27029.985279630662,100400.0,14.91125279771638,,,,1665491733.5599976,8.652773808768963,,,,-1556.9468593766724,-5.4463586781744695,,,,38.76751376775177,43.0333646929621,12900211211.37,90001.05495813974,19079.0,15.354714096012234,,,,96897053.1800003,0.7568122751874942,,,,-13039.580494679074,-12.65479433174668,,,,7.181828521781132,26.54447722044152,46.19558840095376,45.3948449204889,8.409566678557349,50.43713270667396,8.422600238916731,56.6399234753025,34.937476285780754,12.945394303965486
2019-01,2364872,2018784,346088,2016578,2206,917600,917522,181456,56253742.35091,42921951.6936,13331790.65731,42919515.82776,2435.86584,3937830.26695,24720981.35741,14260704.2034,False,True,56253742350.91,23787.22499607167,369085.0,18.49320593830905,,,,7655267028.760002,15.752072422055837,,,,-563.3070607810914,-2.313325472584755,,,,100.0,100.0,42921951693.6,21261.289812877454,312362.0,18.30508514306543,,,,5995794774.309998,16.237256390950964,,,,-378.232485411012,-1.7478781656881932,,,,85.36546586876584,76.30061556767815,13331790657.31,38521.38952321375,56723.0,19.602578058853005,,,,1659472254.4499989,14.217160611754629,,,,-1816.3099320071633,-4.50276033719637,,,,14.634534131234163,23.699384432321832,42919515827.76,21283.34030608288,312162.0,18.3148949552222,,,,5995809301.709999,16.238373299495006,,,,-380.21279717947255,-1.7550805048790248,,,,85.27218386449668,76.29628542760534,2435865.84,1104.2002901178603,200.0,9.970089730807578,,,,-14527.399999999907,-0.5928599443899832,,,,-117.33173381035499,-9.605293312985639,,,,0.09328200426915284,0.004330140072824142,3937830266.9500003,4291.445365028335,130235.0,16.54061331148832,,,,827894072.8700004,26.620934360195548,,,,341.64293022363836,8.649620730727293,,,,38.80125435964399,7.000121418386485,24720981357.41,26943.202841359664,143805.0,18.586253113218397,,,,3807422236.8100014,18.20552023141611,,,,-86.78243827099868,-0.3210598798823485,,,,38.797956083881076,43.94548757876567,14260704203.400002,78590.42524578962,38122.0,26.59662048083497,,,,1360492992.0300007,10.54628462850971,,,,-11410.629712350114,-12.678328845875525,,,,7.672973420971621,25.350676430453177,45.50282706644623,45.49895912778975,8.99821380576402,50.002125199305546,9.174917729158171,57.59846279864291,33.22661947219892,13.740382255078726
2019-02,2125388,1825627,299761,1823199,2428,844705,824273,154221,43534562.99866,32585410.84944,10949152.14922,32583124.07216,2286.77728,3617258.8248,19696825.67209,9269039.57527,False,True,43534562998.659996,20483.113200347416,-239484.0,-10.126721446234722,,,,-12719179352.250008,-22.61037012063652,,,,-3304.111795724253,-13.890278484648416,,,,100.0,100.0,32585410849.440002,17848.887450415667,-193157.0,-9.567987461759158,,,,-10336540844.159996,-24.082178084416547,,,,-3412.4023624617876,-16.049837015979048,,,,85.8961751924825,74.84951864669685,10949152149.22,36526.273094965654,-46327.0,-13.385901851552207,,,,-2382638508.09,-17.871856597024852,,,,-1995.1164282480968,-5.179243150213468,,,,14.103824807517498,25.15048135330316,32583124072.160004,17871.40299668879,-193379.0,-9.589462941676445,,,,-10336391755.599998,-24.083197483123755,,,,-3411.9373093940885,-16.0310236096678,,,,85.78193722746153,74.84426586104223,2286777.28,941.8357825370674,222.0,10.063463281958295,,,,-149088.56000000006,-6.120557115740006,,,,-162.36450758079286,-14.704262354745657,,,,0.114237965020975,0.0052527856546312115,3617258824.8,4282.274669618388,-72895.0,-7.944093286835223,,,,-320571442.1500001,-8.140814113816411,,,,-9.170695409947257,-0.21369712602380309,,,,39.7435668216815,8.308935649385846,19696825672.09,23895.997651372785,-93249.0,-10.163135052892464,,,,-5024155685.32,-20.323447571445346,,,,-3047.2051899868784,-11.309736292038783,,,,38.78223646694157,45.244110231900734,9269039575.27,60102.31794159032,-27235.0,-15.009148223260734,,,,-4991664628.130001,-35.002932232055564,,,,-18488.1073041993,-23.524630699449965,,,,7.256133938838462,21.291219979755635,46.330927123150026,45.21025954928672,8.458813327563256,50.61211112429284,11.101632909076065,60.451004110190766,28.44736298073316,15.515337200062596
2019-03,2669184,2330598,338586,2325579,5019,1076299,1038789,210491,58174905.85249,45300469.21681,12874436.63568,45296656.02293,3813.19388,4583865.60352,26964807.99569,13747982.42372,False,True,58174905852.49,21795.015200334634,543796.0,25.585728347012406,,,,14640342853.830002,33.62924041360111,,,,1311.901999987218,6.404797879869974,,,,100.0,100.0,45300469216.810005,19437.272844484552,504971.0,27.66014087214968,,,,12715058367.370003,39.02070907167499,,,,1588.385394068886,8.899072272607643,,,,87.31499964033952,77.86943279577487,12874436635.68,38024.12573372792,38825.0,12.95198508144822,,,,1925284486.460001,17.5838682321823,,,,1497.8526387622624,4.100754092452724,,,,12.685000359660481,22.130567204225134,45296656022.93,19477.582151769515,502380.0,27.55486373127673,,,,12713531950.769997,39.01876297255615,,,,1606.1791550807247,8.987426199153571,,,,87.12696464537477,77.86287809005748,3813193.88,759.751719466029,2591.0,106.71334431630972,,,,1526416.6,66.7496836421254,,,,-182.08406307103837,-19.3328886465271,,,,0.1880349949647533,0.006554705717391011,4583865603.52,4258.914672892942,231594.0,27.417145630723148,,,,966606778.7200003,26.722079495471114,,,,-23.359996725445853,-0.5455043995934891,,,,40.32314744880833,7.879455129919736,26964807995.69,25957.9260039238,214516.0,26.02487282732784,,,,7267982323.599998,36.89925698991478,,,,2061.9283525510145,8.628760274558196,,,,38.917849050496336,46.35127053589525,13747982423.720001,65313.87291485147,56270.0,36.48660039812995,,,,4478942848.450001,48.32154196859746,,,,5211.554973261147,8.671138072122162,,,,7.885968146070111,23.632152424242488,46.280904669331804,44.6679730080122,9.051122322655992,50.88672433487401,10.119655634622484,59.529356829431116,30.350987535946405,14.529503400849105
2019-04,2749175,2384666,364509,2372860,11806,1107169,1053243,212448,59640331.27389,46518707.87193,13121623.40196,46512279.19486,6428.67707,4651184.36471,27045071.75201,14816023.07814,False,True,59640331273.89001,21693.901360913733,79991.0,2.9968334891862085,,,,1465425421.4000092,2.518999214396298,,,,-101.11383942090106,-0.4639310341905547,,,,100.0,100.0,46518707871.93,19507.431175657304,54068.0,2.3199196086154714,,,,1218238655.119995,2.6892406992286375,,,,70.15833117275179,0.36094740107874573,,,,86.74114961761255,77.99874158696277,13121623401.960001,35998.077967786805,25923.0,7.656252768868176,,,,247186766.2800007,1.9199812253916524,,,,-2026.0477659411117,-5.328321761107527,,,,13.258850382387443,22.001258413037235,46512279194.85999,19601.77979099483,47281.0,2.033085094077647,,,,1215623171.9299927,2.68369296690383,,,,124.19763922531638,0.6376440271567956,,,,86.31171169532678,77.9879625102328,6428677.069999999,544.5262637641877,6787.0,135.2261406654712,,,,2615483.1899999995,68.59035423606626,,,,-215.22545570184138,-28.328393366862898,,,,0.4294379222857766,0.010779076729934958,4651184364.71,4200.970551659232,30870.0,2.8681620999369133,,,,67318761.18999958,1.46860242015614,,,,-57.944121233709666,-1.360537265574051,,,,40.27277274091318,7.798723221958773,27045071752.01,25677.903154362288,14454.0,1.3914279030678993,,,,80263756.3199997,0.29766114534480975,,,,-280.022849561512,-1.0787566368714654,,,,38.31123882619331,45.34695092119665,14816023078.14,69739.52721673068,1957.0,0.9297309623689375,,,,1068040654.4199982,7.768708320264219,,,,4425.6543018792145,6.775978983284089,,,,7.727700128220285,24.842288367077394,46.659684937164435,44.38706876933321,8.953246293502355,51.2480489832495,9.999906358542834,58.14609006517727,31.85400357627991,14.674238962425811
2019-05,3129051,2741134,387917,2712228,28906,1293222,1182085,236921,64415651.64657,50125379.66997,14290271.9766,50113191.16634,12188.50363,5453198.91304,29301608.21202,15358384.04128,False,True,64415651646.57,20586.322065881955,379876.0,13.817818072694536,,,,4775320372.679993,8.006864265642644,,,,-1107.5792950317773,-5.105486913604769,,,,100.0,100.0,50125379669.97,18286.366033170943,356468.0,14.94834077392809,,,,3606671798.040001,7.753164184975812,,,,-1221.0651424863609,-6.259487123092295,,,,87.60272683315165,77.81552835170157,14290271976.6,36838.47827396067,23408.0,6.421789311100685,,,,1168648574.6399994,8.906280410893642,,,,840.4003061738622,2.3345699371113695,,,,12.39727316684835,22.184471648298427,50113191166.340004,18476.761970726653,339368.0,14.302065861449895,,,,3600911971.480011,7.741852331927743,,,,-1125.0178202681782,-5.739365671197969,,,,86.67893236639479,77.7966067025085,12188503.629999999,421.659988583685,17100.0,144.84160596306964,,,,5759826.56,89.59582970621979,,,,-122.86627518050267,-22.563884124000875,,,,0.9237944667568538,0.018921649193079322,5453198913.04,4216.753900753312,186053.0,16.804390296332357,,,,802014548.3299999,17.243232807865816,,,,15.783349094080222,0.37570720622753156,,,,41.329527706643326,8.465642702739578,29301608212.02,24788.07210312287,128842.0,12.232884529021318,,,,2256536460.010002,8.343614247731828,,,,-889.8310512394164,-3.4653571434170924,,,,37.77774794977775,45.48833623975339,15358384041.279999,64824.9164965537,24473.0,11.519524777827986,,,,542360963.1399994,3.6606379477109137,,,,-4914.610720176985,-7.047094978008336,,,,7.571656709973727,23.842627760015528,47.68116839734712,43.58354091175226,8.735290690900618,52.2449134592194,10.881763436176463,58.47084875269585,30.64738781112768,15.690488206185337
2019-06,3167507,2784006,383501,2743451,40555,1330783,1178858,233810,64442236.24277,50755472.51497,13686763.7278,50738843.82842,16628.68655,5494775.44815,29041781.97666,16202286.40361,False,True,64442236242.770004,20344.781003726275,38456.0,1.2289988242441559,,,,26584596.200004578,0.041270398607261706,,,,-241.54106215568027,-1.1733084782346341,,,,100.0,100.0,50755472514.96999,18231.093077734025,42872.0,1.5640242323067752,,,,630092844.9999924,1.2570335609397478,,,,-55.27295543691798,-0.30226320164790765,,,,87.89265501228569,78.76119060139602,13686763727.800001,35688.990974730186,-4416.0,-1.1383878510093655,,,,-603508248.7999992,-4.22321037547942,,,,-1149.4872992304809,-3.1203441431048407,,,,12.107344987714313,21.23880939860396,50738843828.42,18494.532553495577,31223.0,1.1511937786941215,,,,625652662.0799942,1.2484789883032477,,,,17.770582768924214,0.09617801429210777,,,,86.61231056474382,78.7353865829145,16628686.549999999,410.0280249044507,11649.0,40.29959178025324,,,,4440182.92,36.429270194178876,,,,-11.631963679234275,-2.758612150587233,,,,1.2803444475418682,0.025804018481536833,5494775448.15,4128.9792912518415,37561.0,2.9044510532607704,,,,41576535.10999966,0.7624246937073847,,,,-87.77460950147088,-2.0815682291961637,,,,42.013577239134754,8.52666786337117,29041781976.66,24635.521815740318,-3227.0,-0.27299221291193104,,,,-259826235.3600006,-0.8867302896139866,,,,-152.5502873825535,-0.6154181202471765,,,,37.217218462342785,45.0663783101076,16202286403.61,69296.80682438733,-3111.0,-1.3130959264902646,,,,843902362.3300018,5.494734081800375,,,,4471.890327833629,6.898412785570452,,,,7.381514863266285,25.142340409435732,48.50762780162649,42.96989448690719,8.522477711466326,53.02682734303432,10.829524351661023,57.23776851295344,31.932707135385545,15.910026528013827
2019-07,3591145,3164073,427072,3101533,62540,1534386,1314675,252472,71163293.62072,56093143.08668,15070150.53404,56052474.17483,40668.91185,6330079.48093,32996690.66137,16725704.03253,False,True,71163293620.72,19816.324214343895,423638.0,13.374492937190036,,,,6721057377.949997,10.429584337560998,,,,-528.4567893823805,-2.597505420606839,,,,100.0,100.0,56093143086.68,17728.144415972703,380067.0,13.651802474563631,,,,5337670571.710007,10.516443463580593,,,,-502.948661761322,-2.758741122196247,,,,88.10763697929212,78.82314074112479,15070150534.04,35287.14252875394,43571.0,11.361378457944047,,,,1383386806.2399998,10.107479267944989,,,,-401.8484459762476,-1.125973122245958,,,,11.89236302070788,21.17685925887522,56052474174.829994,18072.506136426728,358082.0,13.052246969236922,,,,5313630346.409996,10.472509709481612,,,,-422.0264170688497,-2.2818982628954534,,,,86.36613113644812,78.76599202051221,40668911.849999994,650.2864062999679,21985.0,54.21033164837874,,,,24040225.299999997,144.57080075275098,,,,240.25838139551718,58.59560000843963,,,,1.7415058428439953,0.05714872061255857,6330079480.929999,4125.4804729253265,203603.0,15.299489097771762,,,,835304032.7799997,15.201786509059852,,,,-3.498818326514993,-0.08473809335706806,,,,42.72692971183286,8.895146864150938,32996690661.370003,25098.743538418243,135817.0,11.521065302182281,,,,3954908684.710003,13.617995920114142,,,,463.22172267792484,1.880300024259927,,,,36.608797472672364,46.367570952003604,16725704032.53,66247.75829608829,18662.0,7.98169453830033,,,,523417628.9200001,3.2305170756849377,,,,-3049.048528299041,-4.3999841666961235,,,,7.030403951942904,23.503274204357684,49.47185794895621,42.3879094628366,8.140232588207187,53.85584934825896,11.293131256233611,58.86750076089764,29.839367982868758,16.09610821846095
2019-08,3925836,3522533,403303,3428537,93996,1685052,1483571,259914,72693954.85237,57867181.08527,14826773.7671,57828410.57766,38770.50761,6682744.77256,35031531.94191,16114133.86319,False,True,72693954852.37,18516.808866282237,334691.0,9.31989657894627,,,,1530661231.649994,2.150913980749655,,,,-1299.5153480616573,-6.5578022139999765,,,,100.0,100.0,57867181085.270004,16427.718657361052,358460.0,11.329068577115635,,,,1774037998.590004,3.1626646341578795,,,,-1300.425758611651,-7.33537435220797,,,,89.72695242491025,79.60384216650361,14826773767.1,36763.36096458494,-23769.0,-5.565572081522554,,,,-243376766.94000053,-1.6149590967274574,,,,1476.2184358310042,4.183445668994305,,,,10.27304757508974,20.3961578334964,57828410577.66,16866.789122491606,327004.0,10.543302295993627,,,,1775936402.8300095,3.168346141672159,,,,-1205.717013935122,-6.671554043658025,,,,87.33265984620854,79.55050828518056,38770507.61,412.4697605217243,31456.0,50.29740965781899,,,,-1898404.2399999946,-4.667949432731121,,,,-237.81664577824358,-36.57106214650628,,,,2.3942925787017084,0.05333388132305748,6682744772.56,3965.898246795945,150666.0,9.81930231375938,,,,352665291.63000107,5.57126166728934,,,,-159.58222612938152,-3.8682094649747247,,,,42.922119008537294,9.192985559984464,35031531941.909996,23612.97972386222,168896.0,12.8469773898492,,,,2034841280.5399933,6.166804124154879,,,,-1485.7638145560231,-5.919674075643621,,,,37.789938245000556,48.19043345908685,16114133863.19,61997.944947905846,7442.0,2.947653601191419,,,,-611570169.3400002,-3.656468918441644,,,,-4249.813348182441,-6.4150296666466655,,,,6.620602592670707,22.167089266109233,49.14784352626207,43.271255348855796,7.580901124882129,53.17931480015135,11.556161938058949,60.578410494033555,27.865427567907485,16.020282020716103
2019-09,4401755,4000085,401670,3866367,133718,1778387,1815172,272808,72876172.98594,58489889.69162,14386283.29432,58426421.47494,63468.21668,6761266.6075,35130241.18271,16534913.68473,False,True,72876172985.93999,16556.162936360608,475919.0,12.122742773768442,,,2787032.1666666665,182218133.56999207,0.2506647683979341,,,57571006672.182495,-1960.6459299216294,-10.588465561643416,,,21295.67145251593,100.0,100.0,58489889691.62,14622.161701968835,477552.0,13.557062488839708,,,2455430.25,622708606.3499985,1.076099776542438,,,45448320618.9325,-1805.5569553922178,-10.99091719946866,,,19208.047754265328,90.87477608363028,80.25927720285814,14386283294.32,35816.175702243134,-1633.0,-0.40490648470256857,,,331601.9166666667,-440490472.7800007,-2.9709124837220546,,,12122686053.25,-947.185262341809,-2.5764381642207743,,,35973.98260569744,9.125223916369722,19.740722797141867,58426421474.94,15111.452553505656,437830.0,12.770169900456082,,,2420707.3333333335,598010897.2799988,1.034112629599091,,,45431159545.7075,-1755.3365689859493,-10.40705825061413,,,19407.210399424843,87.83694231051024,80.17218671212638,63468216.68,474.6422821160951,39722.0,42.25924507425848,,,34722.916666666664,24697709.07,63.70231031906781,,,17161073.224999998,62.17252159437078,15.073231432949186,,,833.986995652339,3.0378337731200395,0.08709049073178546,6761266607.5,3801.909599822761,93335.0,5.538998203022815,,,1151242.6666666667,78521834.93999958,1.174993772954159,,,4621922660.784167,-163.98864697318413,-4.134968593953987,,,3998.905436326959,40.40177156611397,9.277746526020861,35130241182.71,19353.670716995413,331601.0,22.351542325914973,,,1071901.4166666667,98709240.80000305,0.28177254983791383,,,26496764328.734165,-4259.309006866806,-18.037998832322458,,,25415.998440169544,41.23746096727328,48.20538695066724,16534913684.730001,60610.07626143662,12894.0,4.960871672937972,,,197563.25,420779821.5400009,2.6112469035720305,,,14312472556.189169,-1387.8686864692281,-2.238572081115581,,,78052.97552389516,6.197709777122989,22.689053235438262,45.99633195710599,46.94774189827298,7.0559261446210355,49.48818149361121,11.572275756097799,60.127319619905016,28.300404623997178,16.139945693432644
2019-10,4857187,4433229,423958,4252102,181127,1987938,1965940,298224,80853783.59669,65285297.13725,15568486.45944,65084326.2587,200970.87855,7679583.19893,39385979.50864,18018763.55113,False,True,80853783596.69,16646.21592635614,455432.0,10.346600390071687,3174540.0,188.66345704119757,3051577.1666666665,7977610610.750015,10.946802341403323,44872503518.07,124.71069239344028,61310381965.355,90.0529899955327,0.5439242796877682,-4737.520578460379,-22.154783741341415,20900.878070977567,100.0,100.0,65285297137.25,14726.353440629844,433144.0,10.828369897139686,2876317.0,184.74499522130986,2695123.3333333335,6795407445.629997,11.618089008985757,31994177488.64,96.10423988841676,48114502076.319176,104.19173866100937,0.712560432476822,-6656.434827820782,-31.12987298126158,18653.34485194693,91.27153226754497,80.74488815873133,15568486459.44,36721.765975497576,22288.0,5.548833619638011,298223.0,237.18375949417427,356453.8333333333,1182203165.1200008,8.21757184210851,12878326029.43,478.7196289770023,13195879889.035833,905.5902732544419,2.528439330829298,15326.287946229673,71.63330459484993,37251.17326788324,8.72846773245502,19.25511184126867,65084326258.7,15306.388759888638,385735.0,9.97667836498708,2728263.0,179.03879609328808,2648062.5833333335,6657904783.7599945,11.395366369675187,31808905835.21,95.5927992205179,48081901698.64166,194.93620638298125,1.2899898649237307,-6530.183491832178,-29.90480106747327,18863.02844177216,87.54248086392391,80.49632727560375,200970878.54999998,1109.5578160627624,47409.0,35.454463871730056,148054.0,447.6582106249811,47060.75,137502661.86999997,216.6480627040047,185271653.42999998,1180.1324715955152,32600377.6775,634.9155339466673,133.7671669527685,634.873780142223,133.7466044989343,886.8931439975244,3.729051403621067,0.24856088312758604,7679583198.93,3863.08989461945,209551.0,11.783205792664926,1160323.0,140.20081801320663,1247936.25,918316591.4300003,13.582020126396863,5291141459.58,221.53110843808784,5062851115.749167,61.180294796689395,1.6091990929910993,977.1565326697514,33.85928953015039,4080.3351473827715,40.927763332974415,9.498112342196423,39385979508.64,20034.171698342776,150768.0,8.305989735407994,1358345.0,223.56092462907037,1185096.8333333333,4255738325.9300003,12.11417338069555,21515974823.34,120.40273744885586,28289762230.67917,680.5009813473625,3.516133922593718,-9376.874615896148,-31.882152425690723,24634.5922221782,40.47486744899877,48.71259915936994,18018763551.13,60420.23294949434,25416.0,9.316442333069412,209595.0,236.48580035879903,215029.5,1483849866.3999996,8.974040594903956,5001789552.290001,38.425132851427165,14729288352.213333,-189.84331194227707,-0.31322071122861395,-86450.13678095506,-58.861523219160304,70848.79745881556,6.139850081950725,22.28561577403739,46.751888830512534,46.234544702831684,7.013566466655785,50.27818258428813,11.799435655836492,60.51530648421696,27.685257859946553,16.31677761221119
2019-11,4946017,4515673,430344,4310243,205430,2009798,1987163,313282,80858248.91222,64608371.56026,16249877.35196,64278376.88066,329994.6796,7737797.89611,39293539.52546,17247039.45909,False,True,80858248912.22,16348.154264779114,88830.0,1.8288363202816775,3303978.0,201.2119078779493,3326908.6666666665,4465315.529998779,0.00552270448130467,37780776071.12,87.70425370699452,64458779971.28167,-298.0616615770268,-1.7905670747974767,-9885.980759480357,-37.68365433180283,20077.046341020872,100.0,100.0,64608371560.259995,14307.584176325432,82444.0,1.8596828632132472,3085350.0,215.7100179469952,2952235.8333333335,-676925576.9900055,-1.0368729356732456,30103406381.259995,87.24369442221948,50623119274.7575,-418.769264304412,-2.843672508558923,-9816.31313847689,-40.69124076586763,17835.318757073856,91.29918073472048,79.90325344591504,16249877351.96,37760.20428299221,6386.0,1.5062812825798781,218628.0,103.26475089270532,374672.8333333333,681390892.5199986,4.376731767055205,7677369689.859999,89.55803823661185,13835660696.524168,1038.4383074946309,2.8278550334085892,-2730.394736921262,-6.743280670109229,37023.64037313981,8.700819265279517,20.096746554084945,64278376880.659996,14912.93573950703,58141.0,1.36734725554561,2880342.0,201.43646308380792,2888091.0833333335,-805949378.0400009,-1.2383156197030887,29774505621.61,86.29323184655829,50563110500.442505,-393.45302038160844,-2.570515008822179,-9217.316116425653,-38.19817617924894,18094.918765403356,87.14573767134242,79.49513840009178,329994679.59999996,1606.3607048629701,24303.0,13.417657223936796,205008.0,48580.09478672986,64144.75,129023801.04999998,64.20024730991057,328900759.65,30066.254815994536,60008774.315,496.8028888002077,44.77485369469976,-985.8666648052763,-38.031643224700915,804.7375885970846,4.1534430633780675,0.4081150458232695,7737797896.11,3850.0376137850667,21860.0,1.099631879867481,1377469.0,217.84055452145955,1362725.3333333333,58214697.17999935,0.7580450093712173,5285308182.289999,215.50786339721677,5503293464.273334,-13.05228083438351,-0.3378715274672447,-28.465054635961224,-0.7339186554575607,4077.9630594964415,40.63467634664418,9.569583808957056,39293539525.46,19773.68717385539,21223.0,1.0795344720591677,1313846.0,195.1303769249848,1294584.0,-92439983.1800003,-0.23470276563700032,20045472138.42,104.14277826103675,29960218242.21416,-260.4845244873868,-1.3002011184167601,-8813.244965151946,-30.829628455045476,23900.15514174887,40.177035380185714,48.595585551348265,17247039459.089996,55052.76223686645,15058.0,5.049224743816729,189027.0,152.12828457607338,230781.75,-771724092.0400047,-4.28289149724487,4443725300.899996,34.7076174652595,15099598793.955002,-5367.470712627888,-8.883565075153866,-47987.87321595236,-46.571794714838965,66849.80802415287,6.334025944512524,21.32996903978646,46.6284151496795,46.10327074366805,7.268314106652456,50.28315262520701,12.037948485345371,61.13026095604881,26.83179055860582,16.452430061155802
2019-12,5751718,5187115,564603,4914560,272555,2289947,2252951,371662,92810734.63799,72977977.61098,19832757.02701,72564997.26906,412980.34192,8528918.63317,42700260.5137,21335818.12219,False,True,92810734637.98999,16136.176119550713,805701.0,16.28989548559983,3755931.0,188.1929785092297,3639902.9166666665,11952485725.769989,14.78202395743896,44212259315.83999,90.97458103935438,68143134914.26833,-211.97814522840054,-1.2966487946904912,-8214.355937302047,-33.733784206946524,19392.516679579032,100.0,100.0,72977977610.98001,14069.088040457944,671442.0,14.869145750810567,3480693.0,203.9760973545817,3242293.5833333335,8369606050.7200165,12.954367752348803,36051820691.69001,97.63220356369324,53627437665.73167,-238.4961358674882,-1.6669210743636549,-7570.434257830522,-34.984294724608084,17204.449235587977,90.18375031599254,78.63096644545696,19832757027.010002,35126.90691868446,134259.0,31.198064803970777,275238.0,95.11793064123167,397609.3333333333,3582879675.050003,22.04865672181735,8160438624.150002,69.91274862884563,14515697248.536667,-2633.2973643077494,-6.973737071369151,-5210.792536536457,-12.917921961119733,36589.40766176177,9.816249684007456,21.369033554543062,72564997269.06,14765.309054942863,604317.0,14.020485619952286,3210144.0,188.34275200420555,3155603.0833333335,8286620388.400002,12.891769815197792,35641290743.009995,96.52684981087894,53533218062.35999,-147.62668456416577,-0.9899236953933646,-6898.244048319488,-31.842625332225253,17520.065094710062,85.44507919199098,78.1859959972315,412980341.91999996,1515.2183666415951,67125.0,32.67536387090493,270549.0,13486.989032901298,86690.5,82985662.32,25.14757583988636,410529948.67999995,16753.635374867423,94219603.37166665,-91.14233822137498,-5.673840124790019,293.6863427133799,24.042459547555726,829.2114504898663,4.738671124001559,0.4449704482254531,8528918633.169999,3724.504817434639,280149.0,13.939162045140854,1502582.0,190.83677836835523,1487940.5,791120737.0599995,10.224107009278665,5418982439.089999,174.24738325517558,5954875334.197499,-125.53279635042782,-3.2605602579298814,-225.29761737005765,-5.704022443876938,4059.1882580489364,39.8132697048082,9.189582074139599,42700260513.700005,18953.035602505337,265788.0,13.375249035937161,1479234.0,191.18540758442686,1417853.5,3406720988.2400055,8.669926479981886,21786701393.100006,104.17500563851878,31775776691.639164,-820.6515713500521,-4.150220260564813,-8076.949677125325,-29.881443121657846,23227.076001988422,39.17005319106396,46.007889798796626,21335818122.19,57406.50946879153,58380.0,18.634967856436056,228328.0,159.29786373086637,249809.08333333334,4088778663.1000023,23.707133463679906,8435606910.819998,65.39123098531142,15802566036.523333,2353.747231925081,4.275438935830323,-32594.545489348202,-36.21573714275706,64133.59590004053,6.461756296118828,22.988524124295274,46.59515806094544,45.842374495377,7.562467443677562,50.407185017141046,11.753488533247046,58.84415644001738,29.402355026735584,16.64855610650771
2020-01,6559764,5935355,624409,5574669,360686,2618039,2459424,497206,98550551.83781,78364950.04497,20185601.79284,77728706.69758,636243.34739,10084113.49911,47633804.13097,20010789.0675,False,True,98550551837.81,15023.49045450568,808046.0,14.048776382986789,4194892.0,177.38346938016096,3989477.25,5739817199.820007,6.184432460542707,42296809486.899994,75.18932557953768,71667869038.17667,-1112.6856650450336,-6.895596929540792,-8763.73454156599,-36.84218963335687,18662.205467781867,100.0,100.0,78364950044.97,13203.077161344183,748240.0,14.424974190855611,3916571.0,194.0064415014187,3568674.5,5386972433.98999,7.381641161263813,35442998351.37,82.57545836773967,56581020861.67917,-866.0108791137609,-6.155415877869313,-8058.212651533271,-37.900864540459835,16532.931514626875,90.48122767831282,79.51751520776816,20185601792.84,32327.531782597624,59806.0,10.592575668212886,278321.0,80.41914195233582,420802.75,352844765.829998,1.7791009356362446,6853811135.530001,51.40953163536186,15086848176.4975,-2799.3751360868337,-7.969318626792641,-6193.857740616128,-16.079009135648096,36073.25285004376,9.518772321687182,20.48248479223185,77728706697.58,13943.196752592845,660109.0,13.431700905065764,3558091.0,176.44202207898726,3452110.6666666665,5163709428.520004,7.115978257910978,34809190869.82,81.10340994878067,56433983968.17832,-822.1123023500186,-5.567863830624031,-7340.143553490034,-34.48774228071797,16908.386465252563,84.98276767273944,78.87191420856004,636243347.39,1763.9812673350227,88131.0,32.33512502063803,358480.0,16250.226654578424,116563.83333333333,223263005.47000003,54.061412325831526,633807481.55,26019.80253354183,147036893.50083333,248.76290069342758,16.417627067496415,659.7809772171624,59.75192934850059,884.1931985912964,5.498460005573371,0.6456009992081021,10084113499.11,3851.7812374490986,328092.0,14.327493169055877,1700439.0,185.31375326939843,1629643.75,1555194865.9400015,18.234373345897097,6146283232.16,156.08299026358316,6467065603.544167,127.27642001445975,3.4172709193090824,-439.66412757923626,-10.24512932547455,4022.549580750667,39.91056690454108,10.232427227506523,47633804130.97,19367.869928475124,206473.0,9.164557950883086,1541902.0,168.05068434326373,1546345.3333333333,4933543617.269997,11.553895826202542,22912822773.56,92.68573299049874,33685178589.435837,414.83432596978673,2.188748729596388,-7575.33291288454,-28.115933200249987,22595.798259248044,37.492568330202126,48.334386000560954,20010789067.5,40246.47543975736,125544.0,33.77907884045181,315750.0,174.00912617934927,276121.5833333333,-1325029054.6899986,-6.210350346546693,5750084864.099998,40.32118457887288,16281739775.198334,-17160.03402903417,-29.892139737851593,-38343.94980603226,-48.789594516269,60938.266749537834,7.579632437996245,20.305100980492576,46.96312911134275,44.11784807313223,8.919022815525011,51.56195131308687,12.973473929451032,61.28212619862492,25.74439987192404,17.471374424386042
2020-02,7567830,7012863,554967,5678779,1334084,2657164,2377942,643673,86259185.60166,71162543.07334,15096642.52832,69340111.04901,1822432.02433,9472112.2165,43687688.8606,16180309.97191,False,True,86259185601.66,11398.139969008289,1008066.0,15.367412608136513,5442442.0,256.0681626131323,4443014.083333333,-12291366236.149994,-12.472143490762551,42724622603.00001,98.13954628260558,75228254255.09332,-3625.3504854973908,-24.131213025865875,-9084.973231339127,-44.35347860688011,17905.12436517027,100.0,100.0,71162543073.34,10147.430952713607,1077508.0,18.15406155149945,5187236.0,284.1344918759418,4000944.1666666665,-7202406971.630005,-9.190852501656517,38577132223.899994,118.3877423002109,59795781880.337494,-3055.6462086305764,-23.143439754914574,-7701.45649770206,-43.14810387536344,15891.143473151702,92.66676180622451,82.49851024789935,15096642528.32,27202.775170992147,-69442.0,-11.121236240989479,255206.0,85.13649207201738,442069.9166666667,-5088959264.52,-25.210837490736075,4147490379.1000004,37.879557454094396,15432472374.755835,-5124.756611605477,-15.85260714015973,-9323.497923973508,-25.52545642894661,35296.29468971263,7.333238193775495,17.501489752100643,69340111049.01,12210.390833841217,104110.0,1.867554827022017,3855580.0,211.4733498647158,3773409.0,-8388595648.570007,-10.792146177354546,36756986976.84999,112.80989169561018,59497066216.24917,-1732.8059187516283,-12.427608600082328,-5661.012162847574,-31.676372380480956,16436.63545168193,75.03840598956371,80.38577058821153,1822432024.33,1366.0549293222914,973398.0,269.8740732936682,1331656.0,54845.79901153213,227535.16666666666,1186188676.94,186.43631902887284,1820145247.05,79594.33841541402,298715664.0883333,-397.9263380127313,-22.558421984486728,424.219146785224,45.04173175948836,919.5447941567318,17.628355816660786,2.112739659687824,9472112216.5,3564.7450501737944,39125.0,1.4944391584693735,1812459.0,214.56709738902933,1780682.0,-612001282.6100006,-6.0689646409078435,5854853391.7,161.8588460289047,6954970052.8525,-287.0361872753042,-7.452037630916919,-717.5296194445932,-16.755805612733745,3962.7554457969504,35.11130667575778,10.980989619171313,43687688860.6,18372.058216979218,-81482.0,-3.3130521618069926,1553669.0,188.4896144845215,1675817.75,-3946115270.3700027,-8.284274880755037,23990863188.51,121.80065756739961,35684417188.47833,-995.8117114959059,-5.141565464727945,-5523.939434393567,-23.11658845545721,22135.469973048585,31.421715339800183,50.646998990168136,16180309971.91,25137.468826422733,146467.0,29.458011367521713,489452.0,317.370526711667,316909.25,-3830479095.59,-19.142069224102578,6911270396.639999,74.56296135663742,16857678974.918333,-15109.00661333463,-37.54119198822872,-34964.849115167584,-58.17554183042945,58024.52932327386,8.50538397400576,18.757781978872078,46.79111478013143,41.874177530064124,11.334707689804446,52.77275195398071,13.660364936256094,63.0049306233751,23.33470444036881,17.818185968683704
2020-03,8902315,8277172,625143,6477688,1799484,2848430,2843612,785646,115587378.75935,99030205.31973,16557173.43962,96479494.39284,2550710.92689,12713706.50025,62985043.88287,20780744.00972,False,True,115587378759.35,12983.968637298276,1334485.0,17.633654561479315,6233131.0,233.52196776243227,4962441.666666667,29328193157.690002,34.0000812123661,57412472906.86001,98.68941266950524,80012626997.33167,1585.828668289987,13.91304785343818,-8811.046563036358,-40.42688881860048,17170.870484917243,100.0,100.0,99030205319.73,11964.256067136215,1264309.0,18.028428617527535,5946574.0,255.15228280467076,4496492.0,27867662246.39,39.160576678196605,53729736102.91999,118.60746043438787,64273259888.91416,1816.8251144226087,17.904286541972052,-7473.016777348337,-38.44683787246858,15268.392075039339,92.97774792287174,85.6756216661928,16557173439.619999,26485.417639836003,70176.0,12.645076193719627,286557.0,84.63344615548192,465949.6666666667,1460530911.2999992,9.674541266776167,3682736803.9399986,28.605032656215208,15739367108.417501,-717.3575311561435,-2.6370748081655373,-11538.708093891913,-30.345755152121544,34334.735681888305,7.022252077128252,14.3243783338072,96479494392.84,14894.124939768633,798909.0,14.068323489961488,4152109.0,178.54087089709702,4119418.0833333335,27139383343.83,39.13951525783933,51182838369.909996,112.99473926728787,63762302747.075005,2683.7341059274167,21.97910077120072,-4583.457212000882,-23.53196190516121,16054.68068401519,72.76408439827169,83.46888339228443,2550710926.89,1417.4679668671686,465400.0,34.885359542577525,1794465.0,35753.436939629406,377073.9166666667,728278902.56,39.96192411224473,2546897733.0099998,66791.71878378237,510957141.83916664,51.41303754487717,3.76361421794243,657.7162474011395,86.56989257798556,974.3544814401602,20.21366352460006,2.206738273908361,12713706500.25,4463.408439122604,191266.0,7.198125520291559,1772131.0,164.65043635644,1928359.5833333333,3241594283.75,34.22250718380729,8129840896.73,177.35774998479462,7632456794.246666,898.6633889488098,25.209752066420478,204.49376622966247,4.8015464487048884,3979.7965929827556,31.996508773279757,10.999216901284365,62985043882.87,22149.66172701128,465670.0,19.58289983523568,1804823.0,173.74298341626644,1826219.6666666667,19297355022.270004,44.17115101658179,36020235887.18001,133.58239336596577,38686103512.409996,3777.6035100320623,20.561678312889573,-3808.2642769125196,-14.670911213541723,21818.114616639206,31.942388019296104,54.4912814521067,20780744009.72,26450.518439246174,141973.0,22.05669649029865,575155.0,273.24446175846,364838.8333333333,4600434037.810001,28.432298551737478,7032761586.0,51.15486308642689,17443742440.41833,1313.0496128234408,5.223475847509578,-38863.354475605294,-59.502449849009494,54785.916450306766,8.825187605695822,17.97838503889338,43.9729421978953,43.89856380856874,12.128493993535965,50.04232224568968,13.177625546505267,65.28334780280969,21.539026650685056,16.795133916880374
2020-04,8495756,7913039,582717,6250073,1662966,2799012,2712400,738661,99819903.83211,83305833.26387,16514070.56824,80905564.21012,2400269.05375,11009392.22309,50196020.99105,19700150.99598,False,True,99819903832.11,11749.38449646035,-406559.0,-4.566890746957393,5746581.0,209.02929060536343,5441323.416666667,-15767474927.240005,-13.641173540294126,40179572558.21999,67.36980110606837,83360924710.51668,-1234.5841408379256,-9.508526825083427,-9944.516864453382,-45.84014972231129,16342.160746212794,100.0,100.0,83305833263.87,10527.666205596863,-364133.0,-4.39924408964801,5528373.0,231.83007599387082,4957189.75,-15724372055.86,-15.878359542012582,36787125391.939995,79.08028205172445,67338853671.57583,-1436.5898615393526,-12.007347999558633,-8979.764970060442,-46.03253441829902,14520.078327534306,93.14108126457492,83.45613456408904,16514070568.24,28339.778259841398,-42426.0,-6.7866072242670885,218208.0,59.86354246397209,484133.6666666667,-43102871.37999916,-0.2603274739929789,3392447166.279999,25.853867790271,16022071038.940832,1854.3606200053946,7.0014399818876205,-7658.299707945407,-21.27419056872565,33696.54403955952,6.8589187354250765,16.543865435910952,80905564210.12001,12944.739079066758,-227615.0,-3.513830860640401,3877213.0,163.39830415616598,4442519.166666667,-15573930182.719986,-16.142217867878635,34393285015.26002,73.94452736055294,66628409831.68,-1949.3858607018756,-13.088287284987402,-6657.0407119280735,-33.96140953989472,15499.927291354516,73.56700215966654,81.0515349185243,2400269053.75,1443.3662827442051,-136518.0,-7.586508132331268,1651160.0,13985.769947484328,514670.5833333333,-150441873.13999987,-5.898036957227013,2393840376.68,37236.90505237962,710443839.8958334,25.898315877036566,1.8270829734710687,898.8400189800175,165.06825818952026,1049.2578163551614,19.574079104908378,2.4045996455647587,11009392223.09,3933.313691791961,-49418.0,-1.734920640493184,1691843.0,152.80801756552071,2069346.5,-1704314277.1599998,-13.405329729190196,6358207858.38,136.70083488028823,8162307449.111667,-530.0947473306433,-11.876456178293349,-267.6568598672711,-6.3713100717060795,3957.4918546604836,32.946002686517836,11.029255489573519,50196020991.049995,18506.127780213094,-131212.0,-4.614272270619199,1659157.0,157.52841462036776,1964482.75,-12789022891.820007,-20.30485668248971,23150949239.039997,85.6013600234557,40615349282.329994,-3643.5339467981867,-16.449614408128568,-7171.775374149194,-27.929754742963965,21220.46666879344,31.926528963402433,50.286585203965075,19700150995.98,26670.08410621381,-46985.0,-5.9804288445432165,526213.0,247.69025832203644,408689.9166666667,-1080593013.7400017,-5.19997269219314,4884127917.84,32.96517487912251,17850753100.238335,219.56566696763548,0.8300996726092639,-43069.44311051688,-61.7575782764762,51196.79619109701,8.694470509746278,19.735694224985686,44.783668926746934,43.39789311260844,11.81843796064462,50.78575145534393,13.607707121969367,62.042730288223204,24.349562589807416,17.987611952837128
2020-05,9716247,9130557,585690,6897672,2232885,3094403,3033180,770089,107705331.5501,92292568.35005,15412763.20005,88933800.81856,3358767.53149,12774844.99607,56294758.9314,19864196.89109,False,True,107705331550.1,11085.07549778222,1220491.0,14.365890451656096,6587196.0,210.5173741175839,5990256.416666667,7885427717.9900055,7.899654693369305,43289679903.53001,67.20366680608608,86968398035.81084,-664.3089986781306,-5.653989780300934,-9501.246568099736,-46.15320083739633,15550.39019887115,100.0,100.0,92292568350.05,10108.098372317265,1217518.0,15.386225191105465,6389423.0,233.09415008532963,5489641.666666667,8986735086.180008,10.78764203427947,42167188680.08,84.12343000235121,70852786061.5825,-419.56783327959783,-3.985383133220366,-8178.2676608536785,-44.72330722254239,13838.556022463164,93.97205525960796,85.68987906333993,15412763200.05,26315.564889361263,2973.0,0.5101962015867051,197773.0,50.983328907988046,500614.75,-1101307368.1900005,-6.668903124999624,1122491223.4499989,7.854932539339021,16115611974.228334,-2024.2133704801345,-7.142657758012616,-10522.913384599404,-28.565005607296058,32819.63459084291,6.027944740392047,14.310120936660065,88933800818.56,12893.306729945987,647599.0,10.361462978112415,4185444.0,154.31755737349516,4791306.166666667,8028236608.439987,9.922972155029829,38820609652.21999,77.46585030548802,69863460636.03166,-51.432349120770596,-0.3973224087918702,-5583.455240780666,-30.218797263431323,15034.639354622794,70.99111416167169,82.57140063413827,3358767531.49,1504.2277284723575,569919.0,34.27123585208597,2203979.0,7624.641942849236,698335.5,958498477.7399998,39.93295985891722,3346579027.8599997,27456.848924612415,989325425.5508333,60.861445728152376,4.2166320812510145,1082.5677398886726,256.73949845820385,1139.4717946792177,22.980941097936274,3.1184784292016614,12774844996.07,4128.371448731791,295391.0,10.553402414852098,1801181.0,139.27856160813843,2219444.9166666665,1765452772.9799995,16.0358786135107,7321646083.03,134.26332323073825,8772444622.6975,195.05775693983014,4.959120279343004,-88.3824520215212,-2.09598316861062,3950.126650325357,31.847718568702504,11.860921657464726,56294758931.4,18559.649915732003,320780.0,11.82642678071081,1851095.0,156.59576088013975,2118740.6666666665,6098737940.350006,12.14984339383677,26993150719.38,92.12173790620464,42864778508.945,53.522135518909636,0.2892130442119607,-6228.422187390868,-25.12669061748531,20701.431486510868,31.21760902126099,52.267383722981286,19864196891.089996,25794.67683746943,31428.0,4.254725780838572,533168.0,225.0404143153203,453120.5833333333,164045895.1099968,0.832713897185214,4505812849.809998,29.33780557706691,18226237504.389168,-875.4072687443804,-3.2823566107180784,-39030.23965908427,-60.20870024747234,47944.27621950666,7.9257865717081915,18.443095253692253,44.86155618881269,43.973966868821826,11.164476942365482,50.49956891648796,14.364442853547713,63.299621081360094,22.33593606509219,18.495610615466777
2020-06,11218745,10574715,644030,7681763,2892952,3467870,3292926,920967,118753142.86787,103248995.41602,15504147.45185,98415862.40836,4833133.00766,14273442.25526,62080475.80166,22061944.35144,False,True,118753142867.87001,10585.243079138532,1502498.0,15.463769086973603,8051238.0,254.18216913174936,6661192.916666667,11047811317.770004,10.25744144581276,54310906625.100006,84.27843258029912,91494306921.23582,-499.83241864368756,-4.509057414572309,-9759.537924587743,-47.970719973836154,14737.095371822172,100.0,100.0,103248995416.02,9763.761521328945,1444158.0,15.816756852840413,7790709.0,279.8380822455124,6138867.416666667,10956427065.970001,11.871407700362328,52493522901.05001,103.42436056637516,75227246303.33667,-344.3368509883203,-3.4065443202585457,-8467.33155640508,-46.44445355142414,13132.945059429409,94.25934005987301,86.94422136759732,15504147451.85,24073.64168105523,58340.0,9.96090081783879,260529.0,67.93437305248227,522325.5,91384251.80000114,0.5929128386252291,1817383724.0499992,13.278403574386271,16267060617.899164,-2241.923208306034,-8.519380897699783,-11615.349293674957,-32.54602883533266,31851.688816369995,5.740659940126993,13.055778632402681,98415862408.36,12811.624415952432,784091.0,11.367472967691128,4938312.0,180.0036523342316,5202832.166666667,9482061589.800003,10.661932249072558,47677018579.94,93.96552026523514,73836545517.69333,-81.682313993555,-0.6335249420836293,-5682.908137543145,-30.727503499238434,14561.063676494197,68.47256979278876,82.87432233929323,4833133007.66,1670.65786354561,660067.0,29.561173101167327,2852397.0,7033.40401923314,936035.25,1474365476.17,43.89602621637674,4816504321.11,28965.031643524486,1390700785.6433334,166.4301350732526,11.06415816721271,1260.6298386411595,307.449677112906,1244.5242812326476,25.78677026708424,4.069899028304082,14273442255.26,4115.910416267046,373467.0,12.069113169810137,2137087.0,160.58869101874612,2397535.5,1498597259.1900005,11.730844950768661,8778666807.11,159.76388643990234,9504000189.956667,-12.461032464745585,-0.3018389362365524,-13.068874984795912,-0.3165158762720177,3949.037577409957,30.911389821232234,12.019422737418632,62080475801.66,18852.67868201715,259746.0,8.56348782465927,2114068.0,179.33186185274224,2294913.0,5785716870.260002,10.277540893834175,33038693825.000004,113.76262603841664,45618002994.361664,293.02876628514787,1.5788485645775212,-5782.843133723167,-23.473597096808188,20219.527892033937,29.351999711197642,52.27691183780583,22061944351.440002,23955.195301720913,150878.0,19.592280892208564,687157.0,293.8954706813224,510383.6666666667,2197747460.350006,11.063862648964161,5859657947.830002,36.16562380062867,18714542333.375,-1839.4815357485168,-7.131244742234879,-45341.61152266641,-65.43102575789904,44165.808592617796,8.20918026035889,18.577987764068776,45.144194112731675,42.86680023843485,11.989005648833476,51.29381214874699,14.503192784141609,63.07974576706705,22.417061448791344,18.69379151521667
2020-07,13133576,12419515,714061,9076109,3343406,4200438,3721890,1153781,139662776.86623,122648605.59034,17014171.27589,116145826.93817,6502778.65217,17878485.59281,72296053.37592,25971287.96944,False,True,139662776866.23,10634.025102244052,1914831.0,17.068139083293186,9542431.0,265.72112794108847,7456395.5,20909633998.36,17.607646832240036,68499483245.51001,96.25676350871653,97202597191.695,48.78202310551933,0.4608493422475981,-9182.299112099843,-46.337045219785544,13971.903779147184,100.0,100.0,122648605590.34,9875.474653425677,1844800.0,17.445387417060413,9255442.0,292.51670236432597,6910154.25,19399610174.319992,18.789151503269704,66555462503.659996,118.65169045851596,80773534845.30833,111.7131320967328,1.1441608016817635,-7852.669762547026,-44.29493340245992,12478.55591255049,94.56308776832752,87.8176765079028,17014171275.89,23827.33586610948,70031.0,10.873872335139668,286989.0,67.19920762775364,546241.25,1510023824.039999,9.739483120433162,1944020741.8499985,12.899809709656868,16429062346.386665,-246.30581494575017,-1.0231348385465948,-11459.80666264446,-32.475870363564766,30896.70492781629,5.436912231672471,12.182323492097176,116145826938.17,12796.874402695032,1394346.0,18.151380093345757,5974576.0,192.63299794005093,5700713.5,17729964529.809998,18.015352501045516,60093352763.340004,107.20909941621193,78844324914.63834,-14.750013257400497,-0.1151299224713025,-5275.631733731696,-29.191478447464437,14121.427698683225,69.10615204876419,83.16161939799844,6502778652.17,1944.95632662321,450454.0,15.570738816267951,3280866.0,5246.028141989127,1209440.75,1669645644.5100002,34.54582445514721,6462109740.32,15889.556534372829,1929209930.67,274.2984630776,16.418589889821057,1294.6699203232422,199.0922626984808,1352.4134412595843,25.456935719563354,4.656057109904386,17878485592.81,4256.338408711187,732568.0,21.12443661382924,2666052.0,173.75367084944727,2619706.5,3605043337.550001,25.257000190136214,11548406111.880001,182.4369843486284,10466367365.946665,140.42799244414164,3.4118330634490297,130.85793578586072,3.17194413219634,3959.942405392112,31.982439512285154,12.8011815273687,72296053375.92,19424.554023874967,428964.0,13.026833885729591,2407215.0,183.1034286040276,2495514.25,10215577574.259995,16.455378993707445,39299362714.549995,119.10092171927616,48892949887.24084,571.8753418578162,3.0333903818310244,-5674.189514543275,-22.60746441692543,19746.678765822,28.338740340026202,51.76472571869716,25971287969.44,22509.72062240581,232814.0,25.279298823953518,901309.0,356.99364682024145,585492.75,3909343617.999996,17.719850778903947,9245583936.909998,55.277696645403765,19485007661.450832,-1445.4746793151025,-6.034075953499997,-43738.03767368248,-66.02191349358468,40520.97211981092,8.784972196452816,18.595712151932567,46.28016256746145,41.00755070261937,12.712286729919175,53.02024859359522,15.393136425235129,62.24593279137498,22.360930783389886,19.826533960999523
2020-08,12335509,11729460,606049,8996239,2733221,4318560,3700655,977024,134978347.32798,119892628.97558,15085718.3524,113482174.91956,6410454.05602,18772759.55122,71211234.96827,23498180.40007,False,True,134978347327.98001,10942.260050070086,-798067.0,-6.076540007078042,8409673.0,214.21355858981372,8157201.583333333,-4684429538.25,-3.3541002429994498,62284392475.610016,85.68029157596368,102392963231.32916,308.23494782603484,2.8985726934290326,-7574.548816212151,-40.90634013080328,13340.691377796173,100.0,100.0,119892628975.58,10221.496042919282,-690055.0,-5.556215359456469,8206927.0,232.98367964189404,7594064.833333333,-2755976614.7599945,-2.247050915495332,62025447890.31,107.18588105909737,85942322169.50084,346.02138949360415,3.503845654381521,-6206.222614441771,-37.778968241952704,11961.370694680341,95.08695587672953,88.82360122861509,15085718352.4,24891.911961574064,-108012.0,-15.126438777639445,202746.0,50.27138404623819,563136.75,-1928452923.4899998,-11.334392326370441,258944585.29999924,1.7464661521617508,16450641061.828333,1064.5760954645848,4.467877153562819,-11871.44900301088,-32.29152256902447,29907.417510898715,4.9130441232704705,11.1763987713849,113482174919.56,12614.401965038945,-79870.0,-0.8800026531193047,5567702.0,162.39293902909608,6164688.666666667,-2663652018.6100006,-2.2933686804158624,55653764341.899994,96.23948468575045,83482138609.79668,-182.47243765608619,-1.4259141092895102,-4252.38715745266,-25.211598524002216,13767.062102228834,72.9296132003957,84.07435501029875,6410454056.02,2345.384458856419,-610185.0,-18.25040093844421,2639225.0,2807.8056513043107,1429376.1666666667,-92324596.14999962,-1.4197714713723275,6371683548.410001,16434.356786101416,2460183559.704167,400.42813223320877,20.58802692646694,1932.9146983346945,468.6197349085158,1513.4896661208088,22.157342676333826,4.749246218316351,18772759551.22,4346.995190808973,118122.0,2.8121353058895284,2633508.0,156.28645288097934,2839165.5,894273958.4099998,5.001955863474479,12090014778.66,180.9139087325731,11473868597.501665,90.65678209778616,2.1299242069719946,381.0969440130284,9.609347499546091,3991.7004840598643,35.00917554354668,13.907978518661674,71211234968.27,19242.873212517785,-21235.0,-0.5705434604461711,2217084.0,149.44239271325742,2680271.25,-1084818407.649994,-1.5005223065348123,36179703026.36001,103.27753603911451,51907925139.4375,-181.6808113571824,-0.9353152259448334,-4370.106511344435,-18.50722171640287,19382.503223209962,30.000018645359503,52.75752472745563,23498180400.07,24050.770912556905,-176757.0,-15.319805058325628,717110.0,275.9027986180044,645251.9166666666,-2473107569.369999,-9.522467935668285,7384046536.879999,45.82341563977943,20100344872.8575,1541.0502901510954,6.846154672471408,-37947.174035348944,-61.2071481840798,37358.70761686518,7.920419011489514,17.408851764181442,48.00406036344744,41.135578990286945,10.860360646265622,53.85265265989252,16.54247423837864,62.751031180665095,20.706494580956264,20.862331852976286
2020-09,13561288,12770681,790607,9461007,3309674,4580248,3784769,1095990,149217232.60395,133582758.38932,15634474.21463,124944568.54801,8638189.84131,20826553.39202,76402497.74033,27715517.41566,False,True,149217232603.94998,11003.175554117719,1225779.0,9.93699570889211,9159533.0,208.08820572703385,8920496.0,14238885275.96997,10.549014384782259,76341059618.01,104.75448488868713,108754718199.49666,60.91550404763257,0.5566994731334538,-5552.987382242889,-33.5403040160195,12877.94242927593,100.0,100.0,133582758389.32,10460.112376882644,1041221.0,8.876973023481046,8770596.0,219.2602407198847,8324947.833333333,13690129413.740005,11.418658119948677,75092868697.70001,128.38606653836578,92200061227.6425,238.6163339633622,2.334456061631589,-4162.049325086191,-28.46398097571156,11614.53325092316,94.17011864949701,89.52234005295705,15634474214.630001,19775.27926596906,184558.0,30.452653168308174,388937.0,96.82998481340404,595548.1666666666,548755862.2300014,3.6375852273730103,1248190920.3100014,8.67625706218932,16554656971.854166,-5116.632695605003,-20.555402507865242,-16040.896436274073,-44.786737058779416,28570.676141209206,5.8298813505029905,10.477659947042964,124944568548.01001,13206.26531065985,464768.0,5.166247806444449,5594640.0,144.70017978117443,6630908.666666667,11462393628.450012,10.100611515927453,66518147073.07001,113.84942872395611,89025317532.55249,591.8633456209045,4.691965162211138,-1905.1872428458064,-12.607571880334087,13608.296498658352,69.76481142499149,83.73333720753011,8638189841.31,2609.982083223302,576453.0,21.090610675097256,3175956.0,2375.1147938198296,1694039.1666666667,2227735785.289999,34.751606763298646,8574721624.629999,13510.26084104873,3174743695.09,264.59762436688334,11.281631178535989,2135.339801107207,449.8840245726178,1691.4346495464094,24.405307224505517,5.78900284542694,20826553392.019997,4547.03618494457,261688.0,6.059612463413731,2801861.0,157.5506905977158,3072653.9166666665,2053793840.7999954,10.9402873626351,14065286784.519997,208.02739488068616,12645975829.544998,200.04099413559652,4.601822301495783,745.1265851218091,19.59874546087434,4053.794366153348,33.77443204509778,13.957203888975414,76402497740.33,20186.8324699156,84114.0,2.2729489779512004,1969597.0,108.50745824638106,2844404.3333333335,5191262772.059998,7.289949085103071,41272256557.62,117.4835559567206,55347279852.5725,943.9592573978152,4.905500581814129,833.1617529201867,4.304928843232546,19451.933369286646,27.908624903475243,51.202194550220824,27715517415.66,25288.111584649494,118966.0,12.176364142538976,823182.0,301.74408375120964,713850.4166666666,4217337015.59,17.947504631368975,11180603730.929998,67.61815600679724,21032061850.434998,1237.3406720925886,5.144702748162526,-35321.96467678712,-58.27738035574929,34415.21056046624,8.081754476418464,18.573938768333875,48.411844531982695,40.00387062391984,11.584284844097462,54.75479607513051,16.668634446496476,61.14911486606343,22.182250687440085,21.42009322262181
2020-10,14912447,13995234,917213,10088456,3906778,4955192,3911666,1221598,152413400.78222,135778345.90579,16635054.87643,125671455.60954,10106890.29625,22082633.50276,76908489.51607,26680332.59071,False,True,152413400782.22,10220.549369410668,1351159.0,9.963353038442955,10055260.0,207.0181773936231,9758434.333333334,3196168178.2700195,2.1419564768053556,71559617185.53,88.5049703332121,114718019631.62419,-782.6261847070509,-7.112730146472749,-6425.666556945473,-38.60136493106306,12342.470216197142,100.0,100.0,135778345905.79001,9701.75603393198,1224553.0,9.588783871431758,9562005.0,215.68939930691604,9121781.583333334,2195587516.470001,1.6436159448594974,70493048768.54001,107.97691342407725,98074481958.35417,-758.356342950663,-7.249982749962299,-5024.597406697863,-34.1197664917851,11195.816800365004,93.84934612005662,89.08556938493916,16635054876.429998,18136.52322462721,126606.0,16.013771696936658,493255.0,116.34525118054147,636652.75,1000580661.7999973,6.399835696832716,1066568416.9899979,6.85081635757393,16643537673.269999,-1638.7560413418505,-8.28689202969668,-18585.242750870366,-50.610972150062935,27021.90591197001,6.150653879943379,10.91443061506084,125671455609.54,12456.956308233886,627449.0,6.631947318081469,5836354.0,137.2580902339596,7117271.5,726887061.5299835,0.5817676350218272,60587129350.84,93.09019979713035,94074244978.45583,-749.3090024259636,-5.6738902695006095,-2849.4324516547513,-18.615968118632072,13370.843794353788,67.65124462806138,82.45433470060092,10106890296.25,2587.014234299978,597104.0,18.041172635129623,3725651.0,2056.927459738195,2004510.0833333333,1468700454.9400005,17.00241001785241,9905919417.7,4929.032250429002,4000236979.898333,-22.967848923324254,-0.8800002525289058,1477.4564182372155,133.15722685636445,1814.556017732844,26.198101491995246,6.631234684338224,22082633502.760002,4456.46374605868,374944.0,8.186106953160614,2967254.0,149.26290457750696,3319925.0833333335,1256080110.7400055,6.031147291136954,14403050303.830002,187.54989601306468,13846230021.530832,-90.57243888588982,-1.991900552403322,593.3738514392298,15.360083964540582,4103.242187106617,33.2285640311077,14.488642986395513,76908489516.06999,19661.31298430643,126897.0,3.3528334225946157,1945726.0,98.97178957648758,3006548.1666666665,505991775.73999023,0.6622712485915185,37522510007.42999,95.26869834276631,58474155686.524994,-525.5194856091694,-2.6032785796996634,-372.8587140363452,-1.861113699385875,19420.861809783615,26.230879479404017,50.460451063593005,26680332590.71,21840.517576739647,125608.0,11.46068850993166,923374.0,309.62430924405817,790798.25,-1035184824.9500008,-3.7350369809985726,8661569039.579998,48.069719184681844,21753859270.399998,-3447.5940079098473,-13.633260025642333,-38579.7153727547,-63.85231153445523,31200.234279403358,8.191801117549655,17.505240650612418,49.11744671335237,38.773683505186526,12.108869781461108,55.884418133232764,17.5717177744567,61.198057381482016,21.230224844061276,22.307690658847733
2020-11,15100949,14262352,838597,10083398,4178954,4939437,3932173,1211788,156307075.1621,139809140.04677,16497935.11533,129295486.13403,10513653.91274,22092675.46838,75661429.31709,31541381.34856,False,True,156307075162.09998,10350.81140675993,188502.0,1.264058138815179,10154932.0,205.31534768279204,10604678.666666666,3893674379.8799744,2.5546798115498754,75448826249.87997,93.30999281444679,121005421819.11415,130.26203734926276,1.2745111113021692,-5997.342858019183,-36.685137422149324,11842.691644695542,100.0,100.0,139809140046.77002,9802.670698827937,267118.0,1.908635468331576,9746679.0,215.84111604183914,9934004.833333334,4030794140.980011,2.9686575676630964,75200768486.51003,116.39477465605295,104341212665.56334,100.91466489595587,1.040169063652043,-4504.9134774974955,-31.48619237167736,10820.40734390688,94.44672649381175,89.44517700288321,16497935115.33,19673.25797174328,-78616.0,-8.571182484330249,408253.0,94.86666480768872,670673.8333333334,-137119761.09999847,-0.8242819883587024,248057763.37000084,1.526520834571598,16664209153.550835,1536.734747116072,8.473149611328877,-18086.946311248925,-47.899492745582336,25514.6603860326,5.553273506188253,10.554822997116819,129295486134.03,12822.610605475456,-5058.0,-0.050136512465336625,5773155.0,133.94036020706955,7598367.75,3624030524.4900055,2.8837340244946583,65017109253.37,101.14927042118931,99492337416.23665,365.65429724157,2.9353422151756066,-2090.325134031573,-14.0168587228196,13196.650033184493,66.77327365319888,82.71889548182172,10513653912.74,2515.8577751131024,272176.0,6.966763916454941,3973524.0,1934.2471888234436,2335637.0833333335,406763616.4899998,4.024616915461355,10183659233.14,3086.0070972913954,4848875249.326667,-71.15645918687551,-2.7505244557005613,909.4970702501323,56.61848347614532,1890.3474402536885,27.673452840612867,6.726281521061474,22092675468.38,4472.71125603586,-15755.0,-0.3179493347583706,2929639.0,145.76783338425057,3564061.6666666665,10041965.619998932,0.045474492970885176,14354877572.27,185.51631568829922,15042469819.22,16.247509977180016,0.3645830170064639,622.6736422507934,16.173183348165463,4155.131657294183,32.70944759829332,14.134149363020546,75661429317.09001,19241.632887741718,20507.0,0.5242523262466683,1945010.0,97.87873465840498,3168632.3333333335,-1247060198.9799805,-1.6214857512178908,36367889791.63001,92.55437466524407,61504813169.160835,-419.6800965647126,-2.1345476616932926,-532.054286113671,-2.690718637529317,19376.523952607477,26.039244288554315,48.40563310305979,31541381348.56,26028.79492828779,-9810.0,-0.8030465013858895,898506.0,286.8042211170766,865673.75,4861048757.850002,18.219595806472828,14294341889.470005,82.8799744059043,22945054427.855835,4188.277351548142,19.176639641583844,-29023.967308578664,-52.72027438641865,28781.5703370218,8.024581766351242,20.179113015741397,48.98583790900647,38.99650693149274,12.017655159500794,55.676895174607544,17.086965778123407,58.5182295062165,24.3948047156601,22.60025347975343
2020-12,16496556,15627307,869249,11039093,4588214,5468119,4284717,1286257,179488752.00511,159632325.34225,19856426.66286,146908759.08293,12723566.25932,25578755.35097,85257457.53144,36072546.20052,False,True,179488752005.11,10880.377213589914,1395607.0,9.241849634748121,10744838.0,186.81093196850054,11500081.833333334,23181676843.01001,14.830855749152235,86678017367.12,93.39223281144065,128228589933.04083,529.5658068299836,5.1161767519417225,-5255.798905960799,-32.57152665551805,11404.708402532144,100.0,100.0,159632325342.25,10214.960603400828,1364955.0,9.570335944590346,10440192.0,201.2716510044601,10804020.833333334,19823185295.47998,14.17874774771419,86654347731.26999,118.74040713103055,111562408309.83583,412.2899045728918,4.205893651229022,-3854.1274370571155,-27.394294683308168,10499.230057485453,94.73072440089919,88.9372306392243,19856426662.859997,22843.197591092998,30652.0,3.6551525941542837,304646.0,53.95755955954892,696061.0,3358491547.529997,20.35704179979022,23669635.84999466,0.11934616966143062,16666181623.205,3169.939619349716,16.11293677896515,-12283.70932759146,-34.96951597824173,24491.01794206665,5.269275599100806,11.062769360775706,146908759082.93,13308.046148621992,955695.0,9.477906158221664,6124533.0,124.62016945565829,8108745.5,17613272948.899994,13.622496403812399,74343761813.87,102.45127073899639,105687650900.72583,485.43554314653557,3.7857777802224373,-1457.2629063208715,-9.869504938218922,13075.211457657753,66.91756145949493,81.84844868649348,12723566259.32,2773.097823972465,409260.0,9.793359773761567,4315659.0,1583.4084863605513,2695275.3333333335,2209912346.58,21.019451133940425,12310585917.4,2980.913294847514,5874757409.11,257.24004885936256,10.2247452699427,1257.8794573308699,83.01638133643378,1995.1707283645944,27.813162941404258,7.088781952730812,25578755350.97,4677.797859002338,528682.0,10.703284605107829,3178172.0,138.7880156178287,3828909.3333333335,3486079882.59,15.779346813741185,17049836717.800003,199.90619504202,16463289545.703333,205.08660296647759,4.585285998279369,953.2930415676988,25.595161995905464,4234.572744091492,33.14703384148788,14.250895983856292,85257457531.44,19898.03703055301,352544.0,8.965627911081226,2031766.0,90.18243184161572,3337946.1666666665,9596028214.34999,12.682853470998982,42557197017.74,99.66495872802906,65051246253.972496,656.4041428112905,3.4113744225390894,945.0014280476717,4.986016213269578,19455.274071611446,25.973403175790143,47.50016732469829,36072546200.520004,28044.586890893504,74469.0,6.145381865474819,914595.0,246.08246202194465,941890.0,4531164851.960003,14.365778092869954,14736728078.330006,69.07036793214549,24173115101.050003,2015.7919626057155,7.744469031929621,-29361.92257789803,-51.147374835357894,26334.7434555303,7.797124442216909,20.09738537793891,49.534132921971036,38.8140311889754,11.651835889053567,56.06696349656654,17.411320816161,58.03429153146149,24.55438765237752,23.077976670050422
2021-01,18225080,17436440,788640,12165617,5270823,6001874,4684678,1479065,210081558.26219,192638752.85093,17442805.41126,174111121.78612,18527631.06481,34894232.36143,104235512.92076,34981376.50393,False,True,210081558262.19,11527.058222086816,1728524.0,10.478090093471632,11665316.0,177.8313366151587,12472191.5,30592806257.080017,17.044414157054838,111531006424.38,113.17136671941994,137522840468.40585,646.681008496902,5.9435532041037895,-3496.4322324188634,-23.27310183347074,11113.339049830573,100.0,100.0,192638752850.93,11048.05527108343,1809133.0,11.576741917209409,11501085.0,193.77248707111875,11762444.583333334,33006427508.679993,20.67653117118639,114273802805.95999,145.8225938259178,121085225210.3325,833.0946676826024,8.155632704106988,-2155.021890260752,-16.322118426833104,10319.644899963723,95.67277619631848,91.6971267942088,17442805411.260002,22117.57634821972,-80609.0,-9.273407274555392,164231.0,26.301831011404385,709746.9166666666,-2413621251.5999947,-12.155365578009551,-2742796381.579998,-13.587885115978512,16437615258.073334,-725.6212428732761,-3.176530956227467,-10209.955434377902,-31.58284864752362,23640.188322535152,4.3272238036815205,8.302873205791201,174111121786.12,14311.737890985718,1126524.0,10.204860127548523,6590948.0,118.23030210403525,8657991.166666666,27202362703.190002,18.516501584384272,96382415088.54,123.9984803343457,113719518824.77083,1003.691742363726,7.541991748109885,368.5411383928731,2.6431609976696344,13105.92321919049,66.75206363977551,82.87787049295517,18527631064.81,3515.1305716033344,682609.0,14.877444687627909,4910137.0,1361.332849070937,3104453.4166666665,5804064805.490002,45.61665092315238,17891387717.420002,2812.0353306347524,7365706385.561666,742.0327476308694,26.758260787493853,1751.1493042683117,99.27255672697153,2141.0998370536204,28.92071255654296,8.819256301253626,34894232361.43,5813.889522077605,533755.0,9.761217705759513,3383835.0,129.2507483654751,4110895.5833333335,9315477010.46,36.41880491306523,24810118862.32,246.03172965585603,18530799450.896667,1136.0916630752672,24.286890911476206,1962.1082846285062,50.9402835641814,4398.081767810534,32.93194872121275,16.609850312458477,104235512920.76001,22250.304699866247,399961.0,9.334595493704718,2225254.0,90.478664923169,3523384.0,18978055389.320007,22.259701308031097,56601708789.79001,118.82676561830459,69768055319.78833,2352.267669313238,11.821606652462158,2882.434771391123,14.882559527897776,19695.476969227373,25.70456755196685,49.61668876745003,34981376503.93,23651.006888764186,192808.0,14.989850395371999,981859.0,197.47529193131217,1023711.5833333334,-1091169696.590004,-3.024931177645215,14970587436.43,74.81257928376293,25420664054.085835,-4393.580002129318,-15.666410131917397,-16595.468550993177,-41.234588543868846,24951.787742947534,8.115547366595921,16.651331413046677,49.3347275358085,38.50752493687743,12.15774752731407,56.16286712496229,20.041357498284604,59.86723412695258,20.091408374762818,25.080353802600406
2021-02,17237672,16479215,758457,11358828,5120387,5840127,4258449,1260252,190351361.01963,173462329.97056,16889031.04907,156902090.93234,16560239.03822,32373812.54713,95048003.75836,29480274.62685,False,True,190351361019.63,11042.753396144793,-987408.0,-5.417852761140144,9669842.0,127.77562392389892,13278011.666666666,-19730197242.559998,-9.391684546596869,104092175417.97,120.67372847532056,146197188419.90332,-484.30482594202294,-4.20146074229116,-355.38657286349553,-3.117934801904494,11083.723502091947,100.0,100.0,173462329970.56003,10526.128214879169,-957225.0,-5.4897960822277945,9466352.0,134.98555440196108,12551307.25,-19176422880.369965,-9.9546029013224,102299786897.22003,143.75510272558702,129610207451.7675,-521.927056204262,-4.7241531961767524,378.6972621655623,3.7319520963509665,10351.203005144187,95.60000329510852,91.12744402845206,16889031049.07,22267.61840034438,-30183.0,-3.8272215459525256,203490.0,36.66704506754456,726704.4166666666,-553774362.1900024,-3.1748010089737044,1792388520.75,11.87276255225381,16586980968.135834,150.04205212465968,0.6783837874566071,-4935.156770647765,-18.142107706387257,23228.92525831451,4.399996704891473,8.872555971547962,156902090932.34,13813.228876459789,-806789.0,-6.631714610118007,5680049.0,100.02236396239404,9131328.583333334,-17209030853.78,-9.883935429994967,87561979883.33,126.27897267346555,121016350481.71501,-498.50901452592916,-3.483217889561241,1602.8380426185722,13.12683651514488,13239.493056075373,65.89537148635848,82.42761706135605,16560239038.22,3234.177228834461,-150436.0,-2.854127334573747,3786303.0,283.8129383157282,3419978.6666666665,-1967392026.590002,-10.618691724311802,14737807013.89,808.6889835744747,8593856970.0525,-280.9533427688734,-7.992685820507769,1868.1222995121695,136.7530879917806,2296.776695346301,29.704631808750044,8.699826967095982,32373812547.13,5543.3405039188365,-161747.0,-2.6949416132361326,3182963.0,119.78797695588229,4376142.5,-2520419814.299999,-7.223026969597189,22901700330.63,241.78028941355078,20439274478.449165,-270.5490181587684,-4.653494311018266,1978.595453745042,55.504543127104654,4562.964722289288,33.88002161776834,17.007397464203812,95048003758.36,22319.864288232642,-426229.0,-9.098362790356134,1880507.0,79.08128120870904,3680092.9166666665,-9187509162.40001,-8.8141832902807,51360314897.76,117.56244433447156,74048081561.26833,69.55958836639547,0.31262308226643576,3947.8060712534243,21.48809907212744,20024.460808498494,24.70431622089108,49.932925748063425,29480274626.850002,23392.364881666526,-218813.0,-14.794008376913794,616579.0,95.79071982202143,1075093.1666666667,-5501101877.079998,-15.725801631796777,13299964654.940002,82.19845403474685,26528994441.997498,-258.6420070976601,-1.0935771500727625,-1745.103944756207,-6.942242104033469,24806.36241421785,7.3110336476990625,15.487293849088815,51.414873083737156,37.49021465947015,11.09491225679269,57.83119322961971,20.633130097093723,60.57790765793365,18.78896224497264,25.406805118453775
2021-03,19286153,18447714,838439,12480732,5966982,6325483,4660033,1495216,185381085.35815,167731814.63632,17649270.72183,154195132.02576,13536682.61056,29704607.45881,89174627.49264,35315897.07431,False,True,185381085358.15,9612.133915879958,2048481.0,11.883745090404318,10383838.0,116.64199705357538,14143331.5,-4970275661.480011,-2.6111059226770914,69793706598.79999,60.38177121752083,152013330636.47,-1430.6194802648351,-12.955278714856458,-3371.8347214183177,-25.969214926569123,10802.737275307087,100.0,100.0,167731814636.32,9092.28182073508,1968499.0,11.945344483945382,10170542.0,122.87460016537048,13398852.416666666,-5730515334.240021,-3.3036079563860365,68701609316.59001,69.3743985431306,135335341561.48334,-1433.8463941440896,-13.621783478917552,-2871.974246401136,-24.004620348188325,10111.871817944093,95.6526374129667,90.47946521203488,17649270721.829998,21050.154777902742,79982.0,10.545357218668956,213296.0,34.119553446171516,744479.0833333334,760239672.7599983,4.5013812251938585,1092097282.209999,6.595916182146749,16677989074.986666,-1217.463622441639,-5.467417307738713,-5435.262861933261,-20.521718539028164,22775.986686486736,4.347362587033298,9.520534787965127,154195132025.76,12354.654520725227,1121904.0,9.876934486550901,6003044.0,92.6726325812543,9631582.25,-2706958906.5799866,-1.7252535581232586,57715637632.92001,59.82166261974445,125825986951.125,-1458.5743557345613,-10.559257135167236,-2539.470419043406,-17.0501484935365,13027.87052115509,64.71343455587022,83.17738119175439,13536682610.56,2268.597862463805,846595.0,16.533808870306093,4167498.0,231.59405696299604,3767270.1666666665,-3023556427.66,-18.257927441034035,10985971683.67,430.7023413689941,9509354610.358332,-965.5793663706559,-29.855487131687998,851.1298955966365,60.04579401379843,2367.704186646021,30.939202857096486,7.3020840202804855,29704607458.81,4696.022020580879,485356.0,8.310709681484667,3477053.0,122.06910473488904,4665896.916666667,-2669205088.3199997,-8.24495133044387,16990900958.560001,133.64238790808875,21855182891.662502,-847.3184833379573,-15.285340720797322,232.6135814582749,5.211568348067222,4582.34918741081,32.79805464573469,16.023537353566415,89174627492.64,19136.050644413892,401584.0,9.430287881808612,1816421.0,63.87724485618994,3831461.3333333335,-5873376265.720001,-6.179378875385802,26189583609.769997,41.58063882351721,76230546862.0825,-3183.8136438187503,-14.264484777791875,-3013.6110825973883,-13.605675426285726,19773.326551615377,24.162584420024043,48.103412125545404,35315897074.31,23619.26107954302,234964.0,18.64420766640323,709570.0,90.31675843827882,1134224.0,5835622447.459995,19.795007072780237,14535153064.589996,69.94529675064238,27740257197.38,226.8961978764928,0.9699583561742399,-2831.257359703155,-10.703976809400658,24570.42430090925,7.75279549011148,19.050431712642567,50.68198724241495,37.337818006187455,11.980194751397594,57.580208339781215,19.2642965238666,57.832323446983004,22.90338002915039,24.987212839097843
2021-04,18659253,17847533,811720,12059375,5788158,6130444,4366689,1562242,151942672.60355,135329856.3047,16612816.29885,125596320.30908,9733535.99562,24443352.36636,69427893.02259,31725074.92013,False,True,151942672603.55,8143.0201200203455,-626900.0,-3.2505186493127995,10163497.0,119.63028363808941,14990289.583333334,-33438412754.600006,-18.037661549989377,52122768771.43999,52.21680924388266,156356894700.75668,-1469.1137958596128,-15.283950564114882,-3606.364376440005,-30.694070634308268,10502.206910603752,100.0,100.0,135329856304.69998,7582.552518866332,-600181.0,-3.253416656394391,9934494.0,125.54587434739042,14226726.916666666,-32401958331.620026,-19.31771763268328,52024023040.82999,62.44943601493627,139670676814.88583,-1509.729301868747,-16.604515034122542,-2945.1136867305304,-27.974991125429188,9866.445677383215,95.64977226044365,89.06639193967827,16612816298.85,20466.19068009905,-26719.0,-3.1867553870943506,229003.0,39.299179533118135,763562.6666666666,-1036454422.9799976,-5.872505665052946,98745730.61000061,0.5979490653255971,16686217885.870834,-583.9640978036914,-2.7741558385912857,-7873.587579742347,-27.782812933647882,22119.854388174874,4.350227739556348,10.933608060321731,125596320309.08,10414.828323116248,-421357.0,-3.3760599939170235,5809302.0,92.94774637032239,10115690.75,-28598811716.680008,-18.54715602299446,44690756098.95999,55.23817370940463,129550216626.03835,-1939.8261976089798,-15.701177190789714,-2529.91075595051,-19.543930090037026,12817.044624825881,64.62946292651695,82.66033376731954,9733535995.619999,1681.6292844148343,-178824.0,-2.9968918961042617,4125192.0,248.06231756993228,4111036.1666666665,-3803146614.9400005,-28.09511550468914,7333266941.869999,305.51853886600975,10120460188.8475,-586.9685780489708,-25.87362827766641,238.26300167062914,16.507452371523517,2387.5594367852395,31.02030933392671,6.40605817235874,24443352366.36,3987.207511619061,-195039.0,-3.083385094861531,3331432.0,119.02171194692986,4943516.25,-5261255092.450001,-17.711915903098667,13433960143.27,122.02272269939618,22974679570.26833,-708.8145089618183,-15.093934948672597,53.89381982709983,1.3701887022020507,4586.840339063069,32.85471288695212,16.08722023084179,69427893022.59,15899.436168362345,-293344.0,-6.294891044762988,1654289.0,60.98986137737796,3969318.75,-19746734470.050003,-22.143893420446073,19231872031.54,38.31353890574128,77833202864.71083,-3236.614476051547,-16.913701453838726,-2606.691611850749,-14.085559349902713,19556.102250627817,23.402271248479238,45.693478884461776,31725074920.13,20307.40110695398,67026.0,4.482696814373308,823581.0,111.49647808670011,1202855.75,-3590822154.1799965,-10.167721767407926,12024923924.150002,61.03975510951059,28742334191.05917,-3311.859972589038,-14.021861062611682,-6362.682999259829,-23.85700387715463,24040.200717637603,8.372478791085582,20.879634652015973,50.835503498315624,36.20991137600414,12.954585125680229,58.40112724112384,19.461837979175943,55.27860438246509,25.25955763835896,26.039233063416177
2021-05,20348119,19564716,783403,13196267,6368449,6796412,4701651,1698204,169361013.37174,153393905.88515,15967107.48659,142006115.77345,11387790.1117,29182507.15465,74360632.32611,38462976.29269,False,True,169361013371.74002,8323.177851070166,1688866.0,9.051091166404143,10631872.0,109.4236488635993,15876278.916666666,17418340768.190033,11.463758317347821,61655681821.640015,57.244781603926796,161494868185.89334,180.15773104982054,2.2124190827784718,-2761.8976467120538,-24.915460857841012,10272.048773377748,100.0,100.0,153393905885.15,7840.333889086353,1717183.0,9.621402577039639,10434159.0,114.27735460169626,15096240.166666666,18064049580.450012,13.348162832433786,61101337535.09999,66.20396271057602,144762454942.81082,257.781370220021,3.3996648170735244,-2267.7644832309115,-22.435124785108616,9677.465303780638,96.14999794329884,90.57214693706224,15967107486.59,20381.728799340824,-28317.0,-3.48851820824915,197713.0,33.757277740784374,780038.75,-645708812.2600002,-3.8868112464754008,554344286.5400009,3.596657389365475,16732413243.082499,-84.46188075822647,-0.41268979693595675,-5933.836090020439,-22.548769577883327,21625.368047339838,3.850002056701162,9.427853062937748,142006115773.44998,10761.082340441428,1136892.0,9.427453744493391,6298595.0,91.31479432480988,10640573.666666666,16409795464.36998,13.065506556232787,53072314954.889984,59.67620237345584,133972909538.94585,346.25401732518003,3.3246252994555023,-2132.2243895045594,-16.537451828026832,12639.359259033832,64.85251536026499,83.84817316943703,11387790111.7,1788.1575422367362,580291.0,10.025486519200063,4135564.0,185.2116880179678,4455666.5,1654254116.0800018,16.99540759724319,8029022580.210001,239.04668914815326,10789545403.865,106.52825782190189,6.334824138066263,283.92981376437865,18.8754540546017,2411.220254598938,31.29748258303384,6.723973767625196,29182507154.649998,4293.810786434077,665968.0,10.863291467958927,3702009.0,119.63564538943376,5252017.0,4739154788.289997,19.388317597598547,16407662158.579998,128.43726999135868,24341984750.149998,306.60327481501645,7.689674387940645,165.43933770228614,4.007375299359461,4600.62695053826,33.40068927255635,17.23094741444164,74360632326.11,15815.85539337352,334962.0,7.670846263610713,1668471.0,55.007319051292704,4108358.0,4932739303.520004,7.104837967522681,18065873394.71,32.091572532932986,79338692314.27,-83.58077498882449,-0.5256838928360148,-2743.794522358483,-14.783654512969655,19327.452707097942,23.106071868362868,43.90658206732128,38462976292.69,22649.20839468639,135962.0,8.703005040192236,928115.0,120.52048529455686,1280198.6666666667,6737901372.560001,21.2384096476466,18598779401.600006,93.62965693288317,30292232474.525833,2341.8072877324084,11.53179215498181,-3145.46844278304,-12.194254119182926,23778.07834740568,8.345754219345778,22.71064368767412,51.5025347698709,35.62864407032686,12.868821159802238,59.109190826315704,20.55017630452369,52.36438721043643,27.08543648503989,28.183911846784
2021-06,20959735,20109934,849801,13717471,6392463,7068110,4886121,1763240,204940216.81157,187796688.19154,17143528.62003,171739554.036,16057134.15554,35049932.13063,91726949.99204,44962671.91333,False,True,204940216811.56998,9777.80572185526,611616.0,3.005761859364003,9740990.0,86.82780471434194,16688028.083333334,35579203439.829956,21.007906560959906,86187073943.69997,72.57666775151839,168677124347.86832,1454.6278707850943,17.476832729196857,-807.4373572832719,-7.627952908087438,10204.762326937476,100.0,100.0,187796688191.54,9338.503457621493,545218.0,2.7867411926654087,9535219.0,90.16998566864449,15890841.75,34402782306.390015,22.42773733928405,84547692775.52,81.88718198647157,151808096007.4375,1498.1695685351397,19.108491930688984,-425.2580637074516,-4.355473684793253,9642.027131805016,95.94555465515188,91.63486362669734,17143528620.03,20173.580191162404,66398.0,8.475586639315907,205771.0,31.950530254801794,797186.3333333334,1176421133.4400005,7.367778631339582,1639381168.1800003,10.573823380300635,16869028340.430834,-208.14860817842055,-1.0212509950831667,-3900.061489892825,-16.20054639660929,21300.3629231821,4.05444534484811,8.365136373302672,171739554036.0,12519.767968600043,521204.0,3.9496321194471133,6035708.0,78.57191116153935,11143549.333333334,29733438262.55002,20.938139248865433,73323691627.64,74.50393649287523,140083217174.5825,1758.6856281586151,16.343018039637755,-291.8564473523893,-2.2780596579851604,12615.037888421137,65.4467768795741,83.79983036414177,16057134155.54,2511.885349283993,24014.0,0.3770776840640476,3499511.0,120.96678410149909,4747292.416666667,4669344043.84,41.003074328202096,11224001147.880001,232.23033858350593,11724878832.855001,723.7278070472569,40.47338055806728,841.2274857383829,50.353067740216986,2481.3225450771365,30.49877777557779,7.835033262555566,35049932130.630005,4958.883227712925,271698.0,3.997668181387473,3600240.0,103.81704043115802,5552037.0,5867424975.980007,20.105966032617182,20776489875.370003,145.56047170550974,26073358906.430832,665.0724412788477,15.489095220033597,842.9728114458794,20.48083476535963,4670.874684825416,33.72232521069565,17.102515394943822,91726949992.04,18772.95916168265,184470.0,3.9235153778959773,1593195.0,48.38235052958979,4241124.25,17366317665.929993,23.35418234445569,29646474190.37999,47.75490813745866,81809231830.135,2957.103768309131,18.69708400057887,-79.71952033449998,-0.42285513734735947,19320.809413736733,23.311940728258254,44.757906192895916,44962671913.33,25500.029442010164,65036.0,3.8296930168578096,842273.0,91.45528558569417,1350388.0833333333,6499695620.639999,16.89857688385723,22900727561.89,103.80194599845072,32200626438.016666,2850.821047323774,12.586846293456288,1544.834140289251,6.448848029964807,23906.814525763122,8.412510940620194,21.939408776302034,51.52633455540019,35.61969258035975,12.853972864240063,59.12642979711534,20.408770901596057,53.41049737022854,26.18073172817541,27.646942836719635
2021-07,22228350,21337330,891020,14460600,6876730,7380933,5085484,1994183,192897946.75657,174845355.93807,18052590.8185,161017503.18834,13827852.74973,31029979.35597,85416527.23322,44570996.59915,False,True,192897946756.57,8678.014641508254,1268615.0,6.052629005089997,9094774.0,69.24826871219231,17445925.916666668,-12042270054.99997,-5.875991663496727,53235169890.34,38.116935009339684,173113388505.39667,-1099.7910803470058,-11.247831176362638,-1956.010460735797,-18.393886058469324,10041.761455209493,100.0,100.0,174845355938.07,8194.340901043852,1227396.0,6.103431269341809,8917815.0,71.80485711398553,16633993.0,-12951332253.470001,-6.89646467048477,52196750347.73001,42.55796476159947,156157825203.08167,-1144.1625565776412,-12.252097584692208,-1681.1337523818256,-17.023321018789325,9501.932652439866,95.99151533964509,90.64137741119572,18052590818.5,20260.58990651164,41219.0,4.8504296888330325,176959.0,24.782056434954434,811932.9166666666,909062198.4699993,5.302655122049246,1038419542.6100006,6.103262543744915,16955563302.315,87.0097153492352,0.4313052741493659,-3566.74595959784,-14.96913452532038,21003.134093215613,4.008484660354907,9.358622588804273,161017503188.34,11134.911634948758,743129.0,5.417390712909107,5384491.0,59.32598429569323,11592256.916666666,-10722050847.660004,-6.243204081811259,44871676250.17,38.6339117237999,143822523528.76334,-1384.8563336512852,-11.061357823280327,-1661.962767746274,-12.98725544572246,12476.540991108945,65.054761149613,83.47289636604482,13827852749.73,2010.8180413844952,484267.0,7.575593319820545,3533324.0,105.68037504269599,5041736.083333333,-2229281405.8100014,-13.883432648788446,7325074097.559999,112.64529348720176,12335301674.318335,-501.0673078994978,-19.947857414842833,65.86171476128516,3.3862824506518763,2486.8110213072437,30.9367541900321,7.168481045150902,31029979355.969997,4204.072758277307,312823.0,4.425836609786775,3180495.0,75.71817510459623,5817078.25,-4019952774.6600075,-11.469217000699942,13151493763.159996,73.56044612888796,27169316720.027496,-754.810469435618,-15.221380193373546,-52.26565043388018,-1.227948659507695,4666.519213955926,33.2050422096107,16.086215471815606,85416527233.22,16796.145112878145,199363.0,4.080189581878959,1363594.0,36.63713865804739,4354757.083333333,-6310422758.819992,-6.8795732981066156,13120473857.300003,18.14825740082529,82902604651.57666,-1976.8140488045065,-10.530114255185548,-2628.4089109968227,-13.531373269966515,19101.77533782033,22.878369289668374,44.28068243827005,44570996599.15,22350.50474261891,230943.0,13.097649781084822,840402.0,72.83895297287786,1420421.5833333333,-391675314.1800003,-0.8711121859817255,18599708629.710003,71.61642753950433,33750602157.15917,-3149.524699391255,-12.35106299211778,-159.2158797869015,-0.7073205503422401,23893.546535780875,8.97134965033392,23.105998455959167,51.04167876851583,35.16786302089817,13.790458210586007,59.206530633461085,19.27118402753684,53.04797648818926,27.6808394842739,26.64741112882006
2021-08,22571960,21024050,1547910,14414279,6609771,7452851,4970566,1990862,180447129.61274,161022827.58637,19424302.02637,149838349.23206,11184478.35431,28911876.8803,75967565.64575,44958906.70601,False,True,180447129612.74002,7994.304863766373,343610.0,1.545818740482312,10236451.0,82.98361259352978,18298963.5,-12450817143.829987,-6.454613619885986,45468782284.76001,33.68598237039954,176902453695.79333,-683.7097777418812,-7.878642823112951,-2947.955186303713,-26.9410082817839,9796.098523017516,100.0,100.0,161022827586.37,7658.982336246821,-313280.0,-1.468224937234415,9294590.0,79.24141435326094,17408542.166666668,-13822528351.700012,-7.905573629645579,41130198610.78999,34.30586097095885,159585341753.98083,-535.3585647970303,-6.533271818467214,-2562.51370667246,-25.069849813693228,9288.389843550493,93.14233234508656,89.23546078673749,19424302026.37,12548.728302272095,656890.0,73.72337321272249,941861.0,155.41004110228712,890421.3333333334,1371711207.869999,7.598417433049508,4338583673.969999,28.75954311635263,17317111941.8125,-7711.861604239544,-38.0633616287796,-12343.183659301969,-49.58712564288467,19974.53545494045,6.857667654913441,10.764539213262495,149838349232.06,10395.133133752995,-46321.0,-0.32032557431918457,5418040.0,60.22561205855025,12043760.25,-11179153956.279999,-6.94281909414773,36356174312.5,32.03690300989604,146852204721.47165,-739.7785011957621,-6.6437752309937075,-2219.26883128595,-17.593135508418836,12291.601921835116,63.85922622581292,83.03725836683026,11184478354.31,1692.1128363312434,-266959.0,-3.8820631317501193,3876550.0,141.83082890113897,5364781.916666667,-2643374395.42,-19.116304196048183,4774024298.289999,74.47248286268827,12733137032.509165,-318.7052050532518,-15.849529817915093,-653.2716225251754,-27.85349839163268,2432.3717194301457,29.28310611927365,6.198202419907236,28911876880.3,3879.304293122189,71918.0,0.9743754617471801,3134291.0,72.5772248156793,6078269.166666667,-2118102475.6699982,-6.825987382626108,10139117329.079998,54.00973309979394,28014243164.117504,-324.76846515511807,-7.725091448897703,-467.6908976867844,-10.758946747298964,4627.544972482027,33.01818273645709,16.02235344078244,75967565645.75,15283.483942422252,-114918.0,-2.2597259179263958,1269911.0,34.31584408706026,4460583.0,-9448961587.470001,-11.062216989541964,4756330677.479996,6.679185776793931,83298965541.36665,-1512.6611704558927,-9.006002033740984,-3959.389270095533,-20.575873604571115,18771.826231979037,22.02097646814898,42.099625418694664,44958906706.01,22582.633405032597,-3321.0,-0.16653436520118764,1013838.0,103.76797294641686,1504908.0833333333,387910106.8600006,0.870319572049682,21460726305.940002,91.32931120860776,35538996015.987495,232.1286624136883,1.0385835357492188,-1468.1375075243086,-6.104326189219133,23771.20174348718,8.820067021206842,24.915279507353155,51.704639545273125,34.48362557711003,13.811734877616841,59.99034726114402,19.295378672066885,50.699681380029304,30.004939947903818,27.566772080352024
2021-09,24385987,22216186,2169801,14543014,7673172,7462959,5008546,2071509,177349963.52779,154892354.55444,22457608.97335,143711528.0953,11180826.45914,28712431.05948,72288134.16922,42710962.8666,False,True,177349963527.79,7272.617816444748,1814027.0,8.036639263936317,10824699.0,79.82058193882469,19201021.75,-3097166084.950012,-1.7163842348708354,28132730923.840027,18.853540192981246,179246847939.44666,-721.687047321625,-9.027514707283943,-3730.5577376729707,-33.9043735085812,9485.218711544769,100.0,100.0,154892354554.44,6972.049772829594,1192136.0,5.670344201045945,9445505.0,73.96242220755495,18195667.583333332,-6130473031.929993,-3.8072074151360358,21309596165.119995,15.952355245588121,161361141434.4075,-686.9325634172274,-8.96897960145772,-3488.0626040530497,-33.3463205592498,8997.717959879406,91.10226295125968,87.3371223051698,22457608973.35,10350.077713739647,621891.0,40.17617303331589,1379194.0,174.44748149206873,1005354.1666666666,3033306946.9799995,15.616040889716654,6823134758.719997,43.641600382923215,17885706505.039165,-2198.6505885324477,-17.52090359733389,-9425.201552229413,-47.661534512177944,19189.101992254666,8.897737048740328,12.662877694830192,143711528095.3,9881.8256033653,128735.0,0.8931074526863259,5082007.0,53.71528633262823,12467260.833333334,-6126821136.76001,-4.0889539748407016,18766959547.289978,15.020228382379635,148416118017.07916,-513.3075303876958,-4.937960137528074,-3324.4397072945503,-25.17320097008141,12014.565279560571,59.63676598367743,81.0327361994529,11180826459.140001,1457.132260183924,1063401.0,16.08831833962175,4363498.0,131.84071905571363,5728406.75,-3651895.169998169,-0.03265145726345736,2542636617.830002,29.43483142348265,12945023417.328333,-234.98057614731943,-13.886814821214454,-1152.8498230393782,-44.170794521915646,2336.300900843531,31.46549696758224,6.304386105716911,28712431059.48,3847.325311512498,10108.0,0.13562595039133346,2882711.0,62.93788021958636,6318495.083333333,-199445820.8199997,-0.6898404473903189,7885877667.460003,37.86453533152343,28671399636.405834,-31.97898160969089,-0.824348367473725,-699.7108734320718,-15.388284697378134,4569.235733029355,30.603473215990807,16.18970226344641,72288134169.22,14432.95802199281,37980.0,0.7640980926518228,1223777.0,32.334258709051994,4562564.416666667,-3679431476.529999,-4.843424223553285,-4114363571.1100006,-5.385116577069944,82956101910.44084,-850.5259204294416,-5.565000255397548,-5753.87444792279,-28.503106946063866,18292.33669465214,20.538623267534753,40.76016297454312,42710962866.6,20618.284963570033,80647.0,4.050858371901217,975519.0,89.00802014616922,1586201.3333333333,-2247943839.4100037,-4.999996672760513,14995445450.939999,54.10487282646643,36788616470.232506,-1964.3484414625636,-8.698491474536374,-4669.826621079461,-18.466490095346465,23382.049525063896,8.49466950015187,24.08287096146336,51.31645338442223,34.439532273021264,14.244014342556502,59.84008345424229,19.979212134213626,50.300859734288885,29.719928131497504,28.427990471602993
2021-10,25044697,22587694,2457003,14989095,7598599,7707416,4994399,2287280,170527449.66808,147620640.13592,22906809.53216,137343576.92595,10277063.20997,27901001.18407,66345389.31773,43097186.42415,False,True,170527449668.08002,6808.9244468831075,658710.0,2.701182445475756,10132250.0,67.9449187648412,20045375.916666668,-6822513859.709991,-3.8469214901422473,18114048885.860016,11.88481379779903,180756352013.26834,-463.6933695616408,-6.375879789986261,-3411.6249225275606,-33.38005423405415,9200.916634667472,100.0,100.0,147620640135.91998,6535.445368434687,371508.0,1.6722402306138417,8592460.0,61.39561510725723,18911705.916666668,-7271714418.52002,-4.694689056433854,11842294230.129974,8.721784133639959,162347999286.91833,-436.60440439490685,-6.262210090587344,-3166.3106654972935,-32.63646967026477,8733.85873775463,90.18952794677452,86.56708372948368,22906809532.16,9323.069419190779,287202.0,13.236329045843377,1539790.0,167.87703619551837,1133670.0,449200558.8100014,2.000215425173084,6271754655.730001,37.702037668756795,18408352726.350002,-1027.0082945488684,-9.922710949170197,-8813.453805436431,-48.595057036449106,18454.647508468297,9.810472053225478,13.43291627051629,137343576925.95,9162.899889949993,446081.0,3.067321533211754,4900639.0,48.576699942984334,12875647.416666666,-6367951169.349991,-4.431064963088547,11672121316.410004,9.287806256239422,149388794793.44666,-718.9257134153067,-7.275231746353359,-3294.0564182838934,-26.443509447862194,11740.060578036913,59.849376496748995,80.54045093225744,10277063209.97,1352.4944808865423,-74573.0,-0.9718666543640623,3691821.0,94.49784451535254,6036058.5,-903763249.170002,-8.083152461696619,170172913.7199993,1.683731679398353,12959204493.471664,-104.63777929738171,-7.1810762932511,-1234.5197534134356,-47.71986705931231,2233.424254725745,30.340151450025527,6.0266327972262514,27901001184.07,3620.0201447631734,244457.0,3.2756042207923155,2752224.0,55.542227223485995,6547847.083333333,-811429875.4099998,-2.82605772297393,5818367681.309998,26.348160334150307,29156263609.84833,-227.3051667493246,-5.908134829907694,-836.4436012955066,-18.769222615919666,4499.532099588062,30.774642631931222,16.361589432303937,66345389317.73,13283.958553918099,-14147.0,-0.2824572241125468,1082733.0,27.679587163116686,4652792.166666667,-5942744851.489998,-8.220913321097164,-10563100198.339989,-13.734634843053097,82075843560.57918,-1148.9994680747113,-7.960942353770283,-6377.354430388332,-32.43605569718923,17760.89049211978,19.941942200378787,38.905988125000846,43097186424.149994,18842.112213699238,215771.0,10.4161266014292,1065682.0,87.23671780733106,1675008.1666666667,386223557.5499954,0.9042726542042501,16416853833.439995,61.53166860879495,38156687623.019165,-1776.172749870795,-8.614551370344687,-2998.4053630404087,-13.728636935938452,23132.18241147719,9.132791664438983,25.27287337495266,51.420155786590186,33.320217131187704,15.259627082222108,60.679643027394114,20.3147477359739,48.3061463831692,31.3791058808569,29.604318038617215
2021-11,26579562,23397176,3182386,15401092,7996084,7953438,5212724,2234930,201242819.28883,170120148.75062,31122670.53821,158184160.571,11935988.17962,32613707.3258,75830255.12807,49740198.11713,False,True,201242819288.83002,7571.336927554714,1534865.0,6.12850297210623,11478613.0,76.01252742460093,21001927.0,30715369620.75,18.011979702115617,44935744126.73004,28.748375004860744,184500997357.1625,762.4124806716063,11.197252761713528,-2779.474479205217,-26.8527207189766,8969.29376140037,100.0,100.0,170120148750.62,7270.969314870307,809482.0,3.5837301497000977,9134824.0,64.04851037192184,19672941.25,22499508614.700012,15.241438185055864,30311008703.849976,21.680276907296694,164873916678.90582,735.52394643562,11.254381376793395,-2531.7013839576293,-25.826649305482984,8522.883622424828,88.02694340862351,84.53476717917484,31122670538.21,9779.665489418945,725383.0,29.523081575398972,2343789.0,279.48931369895195,1328985.75,8215861006.049999,35.86645706603247,14624735422.88,88.64585368195921,19627080678.256664,456.59607022816635,4.897486543308371,-9893.592482324337,-50.28954785493339,17630.181468274604,11.973056591376487,15.465232820825156,158184160571.0,10270.970433200451,411997.0,2.7486449315318904,5317694.0,52.73712294208758,13318788.583333334,20840583645.050003,15.174050444518702,28888674436.97,22.343142286516862,151796184329.86084,1108.0705432504583,12.09301156357505,-2551.640172275005,-19.89953723764656,11527.423897013994,57.943362648338606,78.6036297493771,11935988179.619999,1492.7292134024603,397485.0,5.231030088572906,3817130.0,91.34175681282925,6354152.666666667,1658924969.6499996,16.142013878445752,1422334266.8799992,13.528448612489278,13077732349.045,140.23473251591804,10.368599243672774,-1023.1285617106421,-40.6671860321932,2148.163541249858,30.08358076028491,5.931137429797728,32613707325.800003,4100.579815395557,246022.0,3.192016623989155,3014001.0,61.019120195277324,6799013.833333333,4712706141.730003,16.890813740478638,10521031857.420002,47.6222622854265,30033016264.63333,480.55967063238313,13.275055149280723,-372.1314406403035,-8.320041678034043,4468.521146201371,29.923134173542813,16.2061471018212,75830255128.06999,14547.14562445086,218325.0,4.371396838738755,1280551.0,32.565988322487335,4759504.75,9484865810.339989,14.296194366901203,168825810.97998047,0.22313325627572694,82089912378.16083,1263.187070532762,9.509116318043505,-4694.487263290857,-24.39755134441619,17369.683220178875,19.611775393439515,37.68097435528173,49740198117.13,22255.819250325512,-52350.0,-2.2887447098737366,1023142.0,84.43242547376273,1760270.0,6643011692.980003,15.414026399777962,18198816768.569996,57.698223700024634,39673255687.066666,3413.707036626274,18.117432896638437,-3772.9756779622767,-14.495391309345063,22817.767771647006,8.408453081356269,24.716508292274174,51.64203940863415,33.846457121352174,14.511503470013684,60.40817361961671,20.617555644050427,47.93795715977141,31.444487196178162,30.074249029468337
2021-12,28129525,25109646,3019879,16452402,8657244,8595783,5482341,2374278,204743054.51062,169961248.0392,34781806.47142,158720930.72249,11240317.31671,32257231.18192,75472584.64334,50991114.89723,False,True,204743054510.62,7278.58200629481,1549963.0,5.8314091105037775,11632969.0,70.517561362505,21971341.083333332,3500235221.789978,1.7393093746944235,25254302505.51001,14.070130982241732,186605522565.955,-292.7549212599042,-3.8666212329617484,-3601.795207295105,-33.10358764764475,8669.144160792446,100.0,100.0,169961248039.2,6768.763209134849,1712470.0,7.319131163521615,9482339.0,60.67801061308899,20463136.166666668,-158900711.4199829,-0.09340499205236194,10328922696.950012,6.470445553433437,165734660236.98502,-502.20610573545855,-6.907003509262044,-3446.1973942659797,-33.73676637694178,8235.700506235999,89.26437968646822,83.011972467366,34781806471.42,11517.615928128245,-162507.0,-5.106451574384755,2150630.0,247.4124215270883,1508204.9166666667,3659135933.209999,11.757139955961028,14925379808.560001,75.16649426392938,20870862328.97,1737.9504387093002,17.771062216695103,-11325.581662964752,-49.57966859850135,16686.382996360873,10.735620313531777,16.988027532634018,158720930722.49002,9647.280118884162,1051310.0,6.8262042717490425,5413309.0,49.0376247396412,13769897.666666666,536770151.49002075,0.3393324271864089,11812171639.560028,8.040481529690178,152780531966.4908,-623.690314316289,-6.072360137463137,-3660.7660297378297,-27.50791505270585,11222.36006120251,58.48801926090113,77.52200977066951,11240317316.710001,1298.371319638213,661160.0,8.268547453978723,4069030.0,88.68439876605582,6693238.5,-695670862.9099979,-5.8283474517662075,-1483248942.6099987,-11.65749375905926,12954128270.494165,-194.35789376424736,-13.020304822817572,-1474.726504334252,-53.17975051531738,2025.2696658886705,30.776360425567084,5.489962696696492,32257231181.92,3752.680957851076,642345.0,8.076318693878044,3127664.0,57.19816997398923,7059652.5,-356476143.8800049,-1.0930255193588625,6678475830.949997,26.10946365182204,30589555917.212498,-347.8988575444805,-8.484138175735543,-925.1169011512616,-19.77676096821693,4391.428071105432,30.557867578638458,15.75498190110611,75472584643.34001,13766.488557231301,269617.0,5.172286121421353,1197624.0,27.95106421264228,4859306.75,-357670484.72998047,-0.47167253245542884,-9784872888.09999,-11.476852783806821,81274506304.15251,-780.6570672195594,-5.366393431213268,-6131.548473321707,-30.81484100118442,16858.720847402063,19.489632334708816,36.86209762950726,50991114897.229996,21476.471962099633,139348.0,6.2350051232029635,1088021.0,84.58814995759012,1850938.4166666667,1250916780.0999985,2.5149010809210988,14918568696.709991,41.35712686811926,40916469745.12583,-779.3472882258793,-3.5017685912167926,-6568.1149287938715,-23.420259154990926,22270.424860914183,8.44051934755386,24.904930240056125,52.2463710770014,33.322435228606736,14.431193694391858,61.05773041919505,20.323237165436616,47.55049274206776,32.12627009249561,29.94271449813104
2022-01,29883708,26811564,3072144,17540946,9270618,8975085,5846474,2719387,216746609.85199,180317009.86523,36429599.98676,167873093.10558,12443916.75965,35694424.63374,81234913.7958,50943754.67604,False,True,216746609851.99002,7253.002534089478,1754183.0,6.2360917932314885,11658628.0,63.97024320332202,22942893.416666668,12003555341.370026,5.862741166024463,6665051589.800018,3.1726019384727593,187160943531.7717,-25.579472205331513,-0.35143482869615755,-4274.055687997338,-37.07846013831948,8312.972853459334,100.0,100.0,180317009865.22998,6725.344700713094,1701918.0,6.777945017623904,9375124.0,53.76742041380006,21244396.5,10355761826.029968,6.093013522495143,-12321742985.700012,-6.396295035835791,164707848321.51,-43.41850842175427,-0.6414540896209577,-4322.710570370336,-39.126438674545376,7875.474625371801,89.71966932617599,83.19253989179497,36429599986.759995,11858.037900163532,52265.0,1.7306984816279063,2283504.0,289.54960438222764,1698496.9166666667,1647793515.3399963,4.737515622410177,18986794575.499992,108.85172498251505,22453095210.261665,340.4219720352867,2.9556635171686043,-10259.53844805619,-46.386359366549655,15831.421459022858,10.280330673824011,16.80746010820502,167873093105.58002,9570.355732557413,1088544.0,6.616322650030068,5375329.0,44.18459828219152,14217841.75,9152162383.089996,5.766197527591222,-6238028680.539978,-3.5827858763685647,152260696243.11252,-76.9243863267493,-0.7973686404748724,-4741.382158428305,-33.12932499563645,10827.244881333485,58.69735442469187,77.45131202754023,12443916759.65,1342.2963560412045,613374.0,7.085095441459199,3999795.0,75.88558750692255,7026554.75,1203599442.9399986,10.707877802975474,-6083714305.160002,-32.83589944056558,12447152078.3975,43.92503640299151,3.3830873909962125,-2172.83421556213,-61.813755458052555,1844.2001479251594,31.022314901484112,5.741227864254758,35694424633.74,3977.0570009910766,379302.0,4.412652110924625,2973211.0,49.53804428416858,7307420.083333333,3437193451.8199997,10.65557496995132,800192272.3099976,2.293193511241939,30656238606.571667,224.37604314000055,5.979086569311945,-1836.8325210865282,-31.59386696481519,4238.358694348221,30.033371360742784,16.46827355598073,81234913795.8,13894.68486403942,364133.0,6.641925411060713,1161796.0,24.799911541412236,4956123.083333333,5762329152.459991,7.63499644233859,-23000599124.960007,-22.06599121591611,79357789710.40584,128.1963068081186,0.931220087643768,-8355.619835826827,-37.5528333141301,16162.419194416494,19.564084885316106,37.47920848740055,50943754676.04,18733.543506694707,345109.0,14.535324001654399,1240322.0,83.85851872635753,1954298.5833333333,-47360221.18999481,-0.09287936003252122,15962378172.11,45.63107506737678,42246667926.135,-2742.9284554049264,-12.771783281003879,-4917.46338206948,-20.791771805730626,21860.636245741727,9.099898178632987,23.503829984158926,51.16648212701869,33.330437252357996,15.503080620623312,60.554257483979924,21.26274316712017,48.39066957842322,30.346587254456598,30.526491565886143
2022-02,25540257,22947162,2593095,14592499,8354663,7605334,4820183,2166982,168924716.21344,141057337.72619,27867378.48725,129981519.1631,11075818.56309,28782563.88461,64614027.07982,36584928.19867,False,True,168924716213.44,6614.057024306373,-4343451.0,-14.534511580691392,8302585.0,48.16534970615521,23634775.5,-47821893638.55002,-22.06350247932653,-21426644806.190002,-11.256365434645028,185375389797.92252,-638.9455097831051,-8.80939316896732,-4428.69637183842,-40.10500110764541,7943.914822472799,100.0,100.0,141057337726.19,6147.049370470736,-3864402.0,-14.413191263292212,6467947.0,39.24912078639668,21783392.083333332,-39259672139.03998,-21.772583833540104,-32404992244.370026,-18.681285008606647,162007432301.14584,-578.2953302423584,-8.598746324200174,-4379.078844408433,-41.60199035214489,7510.551388337767,89.84702855574241,83.50307810963614,27867378487.25,10746.76341871393,-479049.0,-15.593312032248487,1834638.0,241.89083890055733,1851383.4166666667,-8562221499.5099945,-23.503473830681248,10978347438.18,65.00282583579315,23367957496.77667,-1111.2744814496018,-9.371487009956988,-11520.854981630451,-51.738155264293,14871.350210553654,10.152971444257588,16.496921890363854,129981519163.1,8907.420117904412,-2948447.0,-16.80893949505346,3233671.0,28.468350784077373,14487314.333333334,-37891573942.48001,-22.57155881356696,-26920571769.23999,-17.1575608771516,150017315262.3425,-662.9356146530008,-6.926969416588756,-4905.808758555377,-35.51529336428901,10418.427484787202,57.135286461682824,76.94641854473538,11075818563.09,1325.7050060654751,-915955.0,-9.880193531865944,3234276.0,63.164678763538774,7296077.75,-1368098196.5599995,-10.994112408370682,-5484420475.129999,-33.11800308239693,11990117038.803335,-16.591349975729372,-1.236042242166384,-1908.4722227689858,-59.00951270554721,1685.160796027744,32.71174209405959,6.556659564900773,28782563884.61,3784.5233206865078,-1369751.0,-15.26170504234779,1765207.0,30.22548995937931,7454520.666666667,-6911860749.129997,-19.363978604649063,-3591248662.5200005,-11.093066833854795,30356967884.695004,-192.53368030456886,-4.841109399653808,-1758.8171832323287,-31.728470982234303,4091.7905957455273,29.77782878222408,17.03869305202361,64614027079.82,13404.890868213924,-1026291.0,-17.554016318211627,561734.0,13.191046787222296,5002934.25,-16620886715.980003,-20.46027494749349,-30433976678.54,-32.01958534122624,76821624987.19417,-489.7939958254956,-3.52504573236578,-8914.973420018718,-39.94188004413101,15419.50474274827,18.872883698860196,38.25019128531718,36584928198.67,16882.89436583691,-552405.0,-20.313585377881118,906730.0,71.94830875094821,2029859.4166666667,-14358826477.370003,-28.185646245904373,7104653571.819996,24.09968584671606,42838722390.45333,-1850.6491408577967,-9.878799172171778,-6509.4705158296165,-27.827329766608305,21318.18036942259,8.484573980598551,21.657534207394587,52.11810533617306,33.031922770733104,14.84997189309384,61.20738477119302,22.143581695251473,49.71016456481227,28.146253739936256,30.81757437546282
2022-03,28635390,25731452,2903938,16597110,9134342,8382951,5580309,2633850,231545537.69065,196325404.11121,35220133.57944,180451796.65771,15873607.4535,38592425.25866,91919110.69986,49940260.69919,False,True,231545537690.65,8085.992112929141,3095133.0,12.118644694922216,9349237.0,48.47642243634591,24413878.583333332,62620821477.20999,37.07025406399809,46164452332.5,24.9024609189831,189222427492.2975,1471.9350886227676,22.254647687697126,-1526.1418029508177,-15.877242413669645,7816.736338893564,100.0,100.0,196325404111.21,7629.783352731512,2784290.0,12.13348299889982,7283738.0,39.4831468007364,22390370.25,55268066385.01999,39.181277114631385,28593589474.889984,17.047206898039747,164390231424.0533,1482.7339822607764,24.121068384183644,-1462.4984680035668,-16.08505430032226,7388.676516004136,89.85891933024136,84.78911149369897,35220133579.439995,12128.404111740676,310843.0,11.987335597037516,2065499.0,246.35053951450257,2023508.3333333333,7352755092.189995,26.38481081223359,17570862857.609997,99.55574445281175,24832196068.244167,1381.6406930267458,12.856342316243966,-8921.750666162066,-42.38330197708387,14127.870988373483,10.141080669758646,15.210888506301028,180451796657.71,10872.48302009868,2004611.0,13.73727008650129,4116378.0,32.98186356377174,14830345.833333334,50470277494.609985,38.828810295162185,26256664631.94998,17.028205940744947,152205370648.33835,1965.0629021942677,22.060965758697982,-1482.1715006265476,-11.996867238498412,10294.913193068323,57.960132549268586,77.93361014747674,15873607453.5,1737.7942990858016,779679.0,9.332261516712284,3167360.0,53.081440500407076,7560024.416666667,4797788890.41,43.31769126661717,2336924842.9400005,17.263645090688318,12184860775.715002,412.0892930203265,31.08453925533218,-530.8035633780034,-23.3978693253958,1640.9271657462439,31.898786780972777,6.8555013462222245,38592425258.66,4603.6801668839535,777617.0,10.224626558149847,2057468.0,32.52665448630563,7625976.333333333,9809861374.050003,34.08265300262331,8887817799.850002,29.92067076521488,31097619368.015835,819.1568461974457,21.64491474315586,-92.34185369692568,-1.9663845972660785,4084.0954412707833,29.274792485801658,16.667315485138108,91919110699.86,16472.046745056592,760126.0,15.769650239420372,920276.0,19.74827216888807,5079623.916666667,27305083620.04,42.25875534163667,2744483207.220001,3.0776503186924065,77050331921.12917,3067.1558768426676,22.880871668381864,-2664.0038993573,-13.92138821567638,15197.504417801829,19.487455906834168,39.69807046018999,49940260699.189995,18960.935778115683,466868.0,21.54461827555559,1138634.0,76.15180682924742,2124745.5833333335,13355332500.519997,36.50501219517363,14624363624.879997,41.41014340966087,44057419359.19334,2078.0414122787734,12.308561359501,-4658.325301427336,-19.722570006484997,20929.986594303646,9.197884156632755,21.56822420214865,50.508498166247016,33.622172775862786,15.8693290578902,60.03577244855428,21.386556395370253,50.93831837774205,27.675125226887705,29.570125717412203
2022-04,29710468,25950193,3760275,16623276,9326917,8359385,5345367,2918524,210254153.61813,172511733.97818,37742419.63995,159682145.91876,12829588.05942,34309482.54337,78138582.38653,47234080.98886,False,True,210254153618.13,7076.77016794653,1075078.0,3.754368283442272,11051215.0,59.226459923127685,25334813.166666668,-21291384072.51999,-9.195333360717042,58311481014.58002,38.37729060270434,194081717576.84586,-1009.2219449826107,-12.481114634887039,-1066.2499520738156,-13.09403558333774,7727.882176220747,100.0,100.0,172511733978.18,6647.801578130074,218741.0,0.8500919419549273,8102660.0,45.39932773902141,23065591.916666668,-23813670133.03,-12.12969367914331,37181877673.48001,27.474999744153788,167488721230.17667,-981.9817746014387,-12.870375595263564,-934.7509407362586,-12.327655343111468,7310.780604276115,87.34360226166751,82.04914433771475,37742419639.95,10037.143464228015,856337.0,29.488818287442776,2948555.0,363.2477948060908,2269221.25,2522286060.510002,7.161489194301082,21129603341.1,127.18856912035237,26592996346.66917,-2091.2606475126613,-17.24266958987832,-10429.047215871036,-50.9574418556163,13258.783720384226,12.656397738332496,17.95085566228524,159682145918.76,9605.937236364241,26166.0,0.15765395300748142,4563901.0,37.84525317439751,15210670.916666666,-20769650738.94998,-11.509805456992426,34085825609.680008,27.13919128028448,155045856115.81168,-1266.5457837344384,-11.649094152578801,-808.8910867520062,-7.766725112084957,10227.505602505656,55.95090592312447,75.94720159906072,12829588059.42,1375.5443582718706,192575.0,2.1082525703548214,3538759.0,61.13791295952875,7854921.0,-3044019394.08,-19.176607478779616,3096052063.800001,31.808091788977777,12442865114.365,-362.24994081393106,-20.845386649300167,-306.0849261429637,-18.201688623035235,1615.4200885676635,31.392696338543036,6.101942738654042,34309482543.370003,4104.307020596611,-23566.0,-0.28111818857106524,2228941.0,36.35855738997045,7811721.416666667,-4282942715.290001,-11.097884329850256,9866130177.010002,40.36324489838881,31919796882.766663,-499.373146287342,-10.847259761430118,117.09950897755061,2.936880225980532,4093.8537336855793,28.13616062863769,16.318099763053397,78138582386.53,14618.001418149586,-234942.0,-4.210196962211232,978678.0,22.412358654348868,5161180.416666667,-13780528313.330002,-14.992016576756317,8710689363.940002,12.54638299495244,77776222701.4575,-1854.0453269070058,-11.255707050876488,-1281.4347502127584,-8.059623854854895,15090.71818861743,17.991527430668544,37.16387098275722,47234080988.86,16184.235931882007,284674.0,10.808284450519203,1356282.0,86.81638312118098,2237769.0833333335,-2706179710.329994,-5.418833767469474,15509006068.73,48.88564048398612,45349836531.5875,-2776.699846233676,-14.64431860709367,-4123.165175071974,-20.303756021542583,20586.389496380983,9.823217863818234,22.465230853250098,50.2872297855128,32.155918003166164,17.556852211321043,60.99625151918109,21.486110639335543,48.933825342179354,29.580064018485096,30.51140325514583
2022-05,32146317,28222806,3923511,18138514,10084292,9357979,5835061,2945474,225225395.34627,183228348.15839,41997047.18788,169986365.09298,13241983.06541,37711645.03017,84070452.23072,48204267.83209,False,True,225225395346.27,7006.258146034894,2435849.0,8.198622115276002,11798198.0,57.9817623437331,26317996.333333332,14971241728.139984,7.1205450501259575,55864381974.52997,32.98538480748819,198737082741.39,-70.51202191163611,-0.9963870556516409,-1316.9197050352723,-15.822318453353093,7618.138867467806,100.0,100.0,183228348158.38998,6492.20875338866,2272613.0,8.757595752756059,8658090.0,44.253594072104086,23787099.416666668,10716614180.209991,6.212107392976221,29834442273.23999,19.449561637460235,169974924752.9467,-155.592824741414,-2.3405154758722495,-1348.1251356976936,-17.19474138179583,7198.4368429679735,87.79483509728347,81.3533251331129,41997047187.880005,10703.94531527502,163236.0,4.341065480583202,3140108.0,400.8292028496189,2530896.9166666665,4254627547.930008,11.272800176877173,26029939701.290005,163.022261377969,28762157988.443333,666.8018510470047,6.643342833779952,-9677.783484065805,-47.48264280888086,12452.301763378744,12.205164902716538,18.646674866887086,169986365092.98,9371.570631032951,1515238.0,9.115158768945424,4942247.0,37.45185665006627,15622524.833333334,10304219174.220001,6.452956349586122,27980249319.53003,19.70355232035811,157377543559.10583,-234.36660533128997,-2.4398098755431343,-1389.5117094084762,-12.912378750105145,10111.71296005495,56.4248588726354,75.47388909302904,13241983065.41,1313.1296738938142,757375.0,8.120314569112173,3715843.0,58.34769187913729,8164574.583333333,412395005.9899998,3.2144056697689742,1854192953.709999,16.28228950062024,12597381193.840834,-62.414684378056336,-4.537453409097574,-475.0278683429219,-26.565213473793154,1575.8344328724197,31.369976224648067,5.87943604008388,37711645030.17,4029.8920343986665,998594.0,11.945783092894992,2561567.0,37.689989953522534,8025185.333333333,3402162486.7999954,9.916099674483236,8529137875.52,29.226885237517884,32630558372.393337,-74.41498619794493,-1.8130950200486657,-263.91875203541076,-6.146492362198147,4071.860504349295,29.110578981722853,16.74395774605732,84070452230.72,14407.810343494268,489694.0,9.16109221312587,1133410.0,24.10663828514707,5255631.25,5931869844.190002,7.591473588357004,9709819904.61,13.05774251895465,78585374360.175,-210.19107465531852,-1.4378920116558962,-1408.0450498792525,-8.90274357509105,14973.38110112749,18.15156927619422,37.32725259576831,48204267832.09,16365.538392832528,26950.0,0.9234119712567037,1247270.0,73.44641750932162,2341708.25,970186843.2299957,2.0539975012085256,9741291539.399994,25.326411209762135,46161610826.5375,181.30246095052098,1.1202410896233022,-6283.670001853861,-27.743442032738063,20062.750329559825,9.162710614718321,21.402678751203407,51.59176214765995,32.16945445475854,16.23878339758152,61.59385481773233,22.185099969366536,49.457173923764245,28.357726106869208,30.966493333894157
2022-06,32009445,28060078,3949367,17971819,10088259,9289089,5801887,2880843,234112960.49256,188209537.69717,45903422.79539,175210729.76392,12998807.93325,38183892.01752,87821171.26024,49205666.48616,False,True,234112960492.56,7313.8712805723435,-136872.0,-0.4257781692378632,11049710.0,52.7187485910485,27238805.5,8887565146.290009,3.946075944333867,29172743680.99002,14.234757889327588,201168144714.80582,307.6131345374497,4.390548108929437,-2463.934441282917,-25.199257495733974,7412.810997360898,100.0,100.0,188209537697.16998,6707.377566704197,-162728.0,-0.5765833489412782,7950144.0,39.533416668597724,24449611.416666668,4981189538.779999,2.718569254618864,412849505.62997437,0.21983854433518848,170009328878.41583,215.1688133155376,3.3142620868934403,-2631.1258909172957,-28.17502721777051,6979.176352058198,87.66186980124148,80.39261786326912,45903422795.39,11622.982314732968,25856.0,0.6590015932158722,3099566.0,364.7402156504876,2789194.0833333335,3906375607.5099945,9.301548249414406,28759894175.36,167.75947830108777,31158815836.39,919.0369994579487,8.585965009989737,-8550.597876429436,-42.38512844723151,11739.751940342956,12.338130198758522,19.607382136730866,175210729763.92,9749.192876019952,-166695.0,-0.9190113368713667,4254348.0,31.014084155891418,15977053.833333334,5224364670.940002,3.0734021920419043,3471175727.9200134,2.0211859448478515,157666808203.09915,377.62224498700016,4.029444581429548,-2770.575092580091,-22.12960415503528,9880.831702339943,56.14536272028459,74.84025207117405,12998807933.25,1288.5085457510559,3967.0,0.039338408685508114,3695796.0,57.814898576651906,8472557.583333334,-243175132.15999985,-1.836395130237018,-3058326222.290001,-19.046525940837476,12342520675.316668,-24.62112814275838,-1.8749959453546974,-1223.3768035329372,-48.70352876104229,1473.8863659113415,31.516507080956885,5.552365792095093,38183892017.520004,4110.617523152163,-68890.0,-0.7361632249869337,2220979.0,31.42253020963171,8210266.916666667,472246987.3500061,1.2522577229717768,3133959886.8899994,8.941414993928742,32891721696.30083,80.72548875349639,2.0031675306542573,-848.2657045607621,-17.105982649887657,4001.171695635898,29.01983773851749,16.310029114656157,87821171260.24,15136.656618827634,-33174.0,-0.5685287608818484,915766.0,18.74218833303555,5331945.083333333,3750719029.5200043,4.4613998497672664,-3905778731.799988,-4.25804927792642,78259892799.19167,728.8462753333661,5.058688710894025,-3636.3025428550172,-19.369895345412818,14670.35588922291,18.125547006516356,37.51230648464288,49205666486.16,17080.301316718753,-64631.0,-2.194247852807392,1117603.0,63.383487216714684,2434841.8333333335,1001398654.0700073,2.077406626231065,4242994572.830002,9.436704698085546,46515193707.60667,714.7629238862246,4.367487990491428,-8419.72812529141,-33.01850354502056,19361.106319118877,8.999977975250742,21.01791647187501,51.6869716971888,32.28324856821671,16.02977973459448,61.55393130305157,21.793124239005916,50.12316961328269,28.083706147711396,30.30345846765627
2022-07,33414937,29354480,4060457,18626951,10727529,9550424,5975080,3101447,231236062.79953,182718682.39493,48517380.4046,169842892.79135,12875789.60358,38223997.68548,84315607.16976,47303287.93611,False,True,231236062799.53,6920.140618536255,1405492.0,4.390866508307158,11186587.0,50.32576417052997,28171021.083333332,-2876897693.029999,-1.2288502468967006,38338116042.95999,19.874818103347287,204362987718.38583,-393.7306620360887,-5.383341419775131,-1757.8740229719997,-20.25663813199649,7266.321495446565,100.0,100.0,182718682394.93,6224.5586498186985,1294402.0,4.612966507078134,8017150.0,37.57335149243134,25117707.25,-5490855302.23999,-2.917416072226266,7873326456.859985,4.503022922524009,170665439416.4875,-482.81891688549877,-7.19832620251228,-1969.7822512251532,-24.038324436492857,6815.027831122769,87.84837750853758,79.01824662761962,48517380404.6,11948.748725722253,111090.0,2.812855832339714,3169437.0,355.70885053085226,3053313.8333333335,2613957609.209999,5.694472111287776,30464789586.1,168.7557752368717,33697548301.898335,325.76641098928485,2.8027781697331884,-8311.841180789386,-41.024675091607314,11047.098508610508,12.151622491462426,20.98175337238038,169842892791.35,9118.126353118661,655132.0,3.645329390419523,4166351.0,28.81174363442734,16324249.75,-5367836972.570007,-3.063646261734463,8825389603.01001,5.481012578295337,158402257336.68335,-631.0665229012902,-6.473013006579466,-2016.7852818300962,-18.1122701997929,9712.766262187435,55.7443846145812,73.45000201746006,12875789603.58,1200.2567975887084,639270.0,6.336772281520528,3850799.0,55.99753080315789,8793457.5,-123018329.67000008,-0.9463816243897888,-952063146.1499996,-6.885111979288248,12263182079.804167,-88.25174816234744,-6.8491395306118505,-810.5612437957868,-40.31002443352341,1406.3395955950261,32.10399289395638,5.568244610159558,38223997685.479996,4002.335151348254,261335.0,2.813354463500134,2169491.0,29.39318105177218,8391057.833333334,40105667.959991455,0.10503294934311484,7194018329.509998,23.184089963391834,33491223223.760006,-108.28237180390897,-2.6342117989336633,-201.73760692905307,-4.798623109741769,3984.3602283918103,28.58130182917897,16.530292560212924,84315607169.76001,14111.209752799965,173193.0,2.9851150151666173,889596.0,17.492848271668933,5406078.083333333,-3505564090.4799957,-3.9917072844450874,-1100920063.4599915,-1.288884129477725,78168149460.57,-1025.4468660276689,-6.774592909455139,-2684.9353600781797,-15.985426072673981,14446.611275883059,17.881464208656148,36.46300068811386,47303287936.11,15252.005897927645,220604.0,7.657619662022539,1107264.0,55.52469357125198,2527113.8333333335,-1902378550.050003,-3.866177791911592,2732291336.959999,6.130200232076717,46742884652.35333,-1828.2954187911073,-10.704116894012358,-7098.498844691263,-31.75990397727143,18769.56474872794,9.281618576746082,20.456708769133282,51.272073459580156,32.077606259875814,16.650320280544033,61.514421689627596,22.505503207860293,49.64329433162725,27.851202460512454,31.19317850798951
2022-08,33311066,28727297,4583769,18873013,9854284,9726212,5944531,3202270,248993496.70762,194170644.61103,54822852.09659,181399960.83481,12770683.77622,39891028.1911,88535775.79354,52973156.85017,False,True,248993496707.62,7474.798215932808,-103871.0,-0.3108520001100107,10739106.0,47.57719754952605,29065946.583333332,17757433908.089996,7.679353165377494,68546367094.879974,37.9869534317272,210075184976.2925,554.6575973965528,8.015120327336263,-519.5066478335657,-6.498459299296842,7223.0292747937665,100.0,100.0,194170644611.03,6759.0990064616935,-627183.0,-2.136583581109255,7703247.0,36.640166856528595,25759644.5,11451962216.100006,6.267537651868363,33147817024.660004,20.585787444876445,173427757501.87582,534.540356642995,8.587602538833245,-899.8833297851279,-11.749385104680934,6740.0375536406755,86.23950071126514,77.98221527007769,54822852096.59,11960.212675767474,523312.0,12.888007433646015,3035859.0,196.12632517394422,3306302.0833333335,6305471691.989998,12.996315216128544,35398550070.22,182.23846613465813,36647427474.416664,11.463950045221281,0.09594268243789128,-588.5156265046207,-4.689842765964285,10998.055539735125,13.76049928873486,22.017784729922322,181399960834.81,9611.605779893756,246062.0,1.3209998780798855,4458734.0,30.932757718925796,16695810.916666666,11557068043.459991,6.80456382573377,31561611602.75,21.06377423704088,161032391636.9125,493.4794267750949,5.412070502908866,-783.5273538592392,-7.537444146002575,9647.472316032497,56.656886933609385,72.85329264957407,12770683776.22,1295.9524787615212,-873245.0,-8.140225022929325,3244513.0,49.08661737297707,9063833.583333334,-105105827.36000061,-0.8163058778995338,1586205421.9099998,14.182202975060942,12395365864.963333,95.69568117281278,7.972933905899426,-396.16035756972224,-23.41217140274509,1373.3262324642158,29.582613777655748,5.128922620503596,39891028191.1,4101.394066991343,175788.0,1.840630321753254,2273361.0,30.503239632725787,8580504.583333334,1667030505.6200027,4.361214437424612,10979151310.8,37.97453674922428,34406152499.659996,99.05891564308877,2.4750279998345244,222.08977386915376,5.724989768472345,4002.8677095475728,29.19814094211215,16.02091167784271,88535775793.54001,14893.651962373484,-30549.0,-0.5112734892252488,973965.0,19.594649784350516,5487241.833333333,4220168623.779999,5.005204570588175,12568210147.790009,16.544179138762672,79215500306.21918,782.442209573519,5.5448272917796135,-389.83198004876795,-2.550674842970288,14414.125277545661,17.84551416036941,35.55746514034578,52973156850.17,16542.37676715892,100823.0,3.2508374316891437,1211408.0,60.8484164145983,2628064.5,5669868914.059998,11.986204683526404,8014250144.159996,17.825722935314772,47410738831.033325,1290.370869231274,8.4603354986022,-6040.256637873677,-26.747352842063098,18266.21002890513,9.61323183112783,21.274915831385588,51.53502517059677,31.497519765391992,16.96745506401124,62.0660551959789,21.99064873416723,48.80694316916871,29.20240809666407,31.06129480250167
2022-09,34410093,30061599,4348494,18977415,11084184,9673744,6041183,3262488,253594718.71725,200389015.8426,53205702.87465,186586925.51322,13802090.32938,41464450.52416,91782722.89092,53339752.09814,False,True,253594718717.25,7369.777196395546,1099027.0,3.2992849883579227,10024106.0,41.10600895506095,29901288.75,4601222009.630005,1.8479285886863859,76244755189.45999,42.99113102299159,216428914575.41418,-105.02101953726196,-1.4050013994144457,97.1593799507973,1.3359615808643455,7231.125889789667,100.0,100.0,200389015842.59998,6665.94667311609,1334302.0,4.644718227405802,7845413.0,35.31395082846353,26413428.916666668,6218371231.569977,3.2025290146339342,45496661288.15997,29.37308391949666,177219145942.55582,-93.15233334560344,-1.3781767844582522,-306.103099713504,-4.3904319344707226,6714.528961997883,87.36273685746795,79.01939632505807,53205702874.65,12235.43205409735,-235275.0,-5.1327848327435355,2178693.0,100.40980716664801,3487859.8333333335,-1617149221.9399948,-2.949772148101325,30748093901.300003,136.91615139344603,39209768632.85833,275.2193783298753,2.301124451469796,1885.3543403577023,18.215847189774326,11155.168401431598,12.637263142532046,20.98060367494193,186586925513.22,9832.051705314976,104402.0,0.5531814130578938,4434401.0,30.49162298819213,17065344.333333332,5186964678.410004,2.8594078270686394,42875397417.92001,29.834348006854317,164605341421.73917,220.44592542121973,2.293538982657448,-49.77389805032362,-0.5036913223136917,9643.324491194971,55.15072278357399,73.57681834110214,13802090329.38,1245.2058112153316,1229900.0,12.480866189770865,3411012.0,44.45374090402248,9348084.583333334,1031406553.1599998,8.076361228836928,2621263870.239998,23.44427650155674,12613804520.816666,-50.746667546189656,-3.915781510344097,-211.92644896859247,-14.544077758723317,1355.6656950501667,32.212014073893954,5.442577983955923,41464450524.159996,4286.287762438204,-52468.0,-0.5394494794067825,2210785.0,29.623437566788187,8764736.666666666,1573422333.0599976,3.944301273766216,12752019464.679996,44.41288666314326,35468820788.38333,184.89369544686087,4.508069510679651,438.9624509257055,11.409548592425535,4039.447913791382,28.113100420856174,16.35067588706038,91782722890.92,15192.839364561543,96652.0,1.625897821039204,1032637.0,20.617500568029122,5573294.916666667,3246947097.3799896,3.6673842503528413,19494588721.699997,26.967895832066883,80840049366.36082,299.1874021880594,2.0088249876115696,759.8813425687331,5.26490371142792,14477.448722759722,17.556427412154914,36.192679151672245,53339752098.14,16349.409437870729,60218.0,1.8804785355388522,1190979.0,57.493305604754795,2727312.75,366595247.9700012,0.6920396475650568,10628789231.54,24.885388945075086,48296471266.994995,-192.96732928819074,-1.1665030485297794,-4268.8755256993045,-20.704319167388952,17910.47040176352,9.481194950562905,21.033463302369526,50.975035324884864,31.83354002639453,17.191424648720595,61.55767697807314,22.22259164735643,49.190329192929994,28.587079159713568,31.118446614243407
2022-10,36344848,31407903,4936945,19967335,11440568,10110143,6320978,3536214,277958497.74386,213952997.21968,64005500.52418,198842499.70274,15110497.51694,43913329.90588,101523947.51961,53405222.27725,False,True,277958497743.86,7647.810158508848,1934755.0,5.622638102140555,11300151.0,45.11993497066465,30842968.0,24363779026.609985,9.607368461712651,107431048075.77997,62.99926978611779,225381501915.0625,278.03296211330235,3.7726101441612694,838.8857116257404,12.320385079463668,7301.033032425145,100.0,100.0,213952997219.68002,6812.075203482385,1346304.0,4.478484328129053,8820209.0,39.04873600642899,27148446.333333332,13563981377.080048,6.768824788148159,66332357083.76004,44.93433778818822,182746842366.20248,146.1285303662953,2.1921647071620733,276.6298350476982,4.232761800500738,6737.581448251858,86.41638286669956,76.97300098982355,64005500524.18,12964.59663297444,588451.0,13.532294168969763,2479942.0,100.93361709367062,3694521.6666666665,10799797649.529999,20.29819561819113,41098690992.020004,179.4169150196125,42634659548.86,729.1645788770911,5.959451007967566,3641.527213783662,39.05931673412057,11458.629002580237,13.583617133300432,23.02699901017646,198842499702.74002,9958.389524828428,989920.0,5.216305803503796,4978240.0,33.21241209025628,17480197.666666668,12255574189.52002,6.568292047157233,61498922776.79002,44.777429096628026,169730251653.13834,126.3378195134519,1.2849588600633237,795.489634878435,8.68163621159869,9709.615294101506,54.93855690358094,71.53675865883197,15110497516.939999,1320.7821077537408,356384.0,3.215247960517437,3841969.0,50.5615443057332,9668248.666666666,1308407187.5599995,9.47977557265251,4833434306.969999,47.03127934720671,13016590713.064169,75.57629653840922,6.0693819333083665,-31.71237313280153,-2.3447321657101687,1353.0229972891,31.477825963118622,5.436242330991583,43913329905.88,4343.492461568545,436399.0,4.511169615404335,2402727.0,31.174222333399413,8964963.916666666,2448879381.720001,5.905973311507211,16012328721.809998,57.389799800274524,36803181515.20083,57.204699130341396,1.3345977288701956,723.4723168053715,19.98531190087347,4099.737273525163,27.81726587493226,15.7985203770767,101523947519.61,16061.430291263472,279795.0,4.631460427535468,1326579.0,26.561334006353913,5683843.166666667,9741224628.690002,10.613353278118637,35178558201.88,53.023365396815834,83771595883.18416,868.5909267019288,5.717107288898107,2777.471737345373,20.908464341197142,14708.904700871839,17.391675430861618,36.52485833088823,53405222277.25,15102.372842042365,273726.0,8.390099825654532,1248934.0,54.603459130495615,2831390.5833333335,65470179.11000061,0.12274181362812073,10308035853.100006,23.918117882804022,49155474254.753334,-1247.0365958283637,-7.62741064481392,-3739.739371656873,-19.847771466608076,17598.82545412545,9.729615597787063,19.213379950867036,50.633412020181964,31.656593130730766,17.70999484908727,61.53045187848109,22.08447890744097,51.05746893716556,26.85805215539346,30.193998872385073
2022-11,37448545,32285681,5162864,19948617,12337064,10055776,6490774,3402067,294216083.17507,223780214.76985,70435868.40522,208675530.61964,15104684.15021,44842124.69328,113358862.0223,50474543.90406,False,True,294216083175.07,7856.542441770969,1103697.0,3.036735770637973,10868983.0,40.892257742998176,31748716.583333332,16257585431.210022,5.848925491816213,92973263886.23999,46.199543523986236,233129273905.5825,208.7322832621212,2.7293078533060675,285.2055142162553,3.7669108764436805,7324.800158609833,100.0,100.0,223780214769.84998,6931.252736154148,877778.0,2.7947679283140934,8888505.0,37.98964883625271,27889155.083333332,9827217550.169952,4.593166572973821,53660066019.22998,31.54245185729913,187218514534.47168,119.17753267176249,1.749504066115389,-339.71657871615935,-4.672232325632073,6709.271733358844,86.21344567592679,76.05981710955348,70435868405.22,13642.789816896204,225919.0,4.57608905912462,1980478.0,62.23248845363196,3859561.5,6430367881.040001,10.04658635332558,39313197867.01,126.3169168556545,45910759371.11083,678.1931839217632,5.231116733680952,3863.1243274772587,39.50159984159933,11780.55602987001,13.786554324073204,23.940182890446515,208675530619.63998,10460.651513818726,-18718.0,-0.09374310592775652,4547525.0,29.527289363637333,17859158.083333332,9833030916.899963,4.9451354371423974,50491370048.639984,31.91935897145482,173937865823.85834,502.26198899029805,5.04360657652575,189.6810806182748,1.8467688311626251,9725.422050819696,53.2694047258712,70.92594271791387,15104684150.210001,1224.3337758651492,896496.0,7.836114430682113,4340980.0,54.288824379533786,10029997.0,-5813366.729997635,-0.03847237143237948,3168695970.590002,26.54741210284009,13280648710.613333,-96.44833188859161,-7.302365115516417,-268.3954375373112,-17.980182549354858,1330.6567108276572,32.9440409500556,5.133874391639606,44842124693.28,4459.340054241463,-54367.0,-0.5377470922023556,2102338.0,26.43307208781913,9140158.75,928794787.4000015,2.115063442901505,12228417367.479996,37.49471731417163,37822216295.824165,115.84759267291793,2.667153073199589,358.7602388459063,8.749012456700566,4129.633960095655,26.85224753057829,15.241221421127134,113358862022.3,17464.613930834752,169796.0,2.6862298840464245,1278050.0,24.517891221557097,5790347.333333333,11834914502.690002,11.657263918351887,37528606894.23001,49.49028172310355,86898979791.03667,1403.1836395712799,8.736355443602891,2917.468306383891,20.05526294780611,14952.027059737162,17.332513185759286,38.529118054653416,50474543904.06,14836.434410039543,-134147.0,-3.7935204147712778,1167137.0,52.22253045956696,2928652.0,-2930678373.1900024,-5.487625082759813,734345786.9300003,1.4763628106199669,49216669736.9975,-265.9384320028221,-1.7609049570177209,-7419.384840285969,-33.33683095120147,16980.54338410162,9.084644009533614,17.155603242133328,50.40838670670754,32.537463624671325,17.05414966862114,60.77264444854064,21.488923286849225,54.32302564929047,24.188051063860318,28.345034771432204
2022-12,38517047,33632453,4884594,20821109,12811344,10524741,6752074,3544294,308576051.53201,234529548.62899,74046502.90302,219456114.57708,15073434.05191,46467723.33645,115904201.61023,57084189.6304,False,True,308576051532.01,8011.415089324216,1068502.0,2.8532537111922505,10387522.0,36.92747033588374,32614343.416666668,14359968356.940002,4.880755736386873,103832997021.39001,50.713806761149115,241782023657.36502,154.87264755324668,1.9712570599737806,732.8330830294062,10.068349609795188,7385.869582195616,100.0,100.0,234529548628.99,6973.310826569504,1346772.0,4.17142199974038,8522807.0,33.94236223003701,28599389.0,10749333859.140015,4.803522898659886,64568300589.78998,37.9900132145993,192599206250.28748,42.058090415355764,0.6067891623108231,204.54761743465497,3.0219348958552104,6726.317368145065,87.31835802469489,76.00380763983597,74046502903.01999,15159.19294480155,-278270.0,-5.389837888427818,1864715.0,61.748003810748706,4014954.4166666665,3610634497.799988,5.126130449656533,39264696431.59999,112.88860589763661,49182817407.07749,1516.403127905347,11.11505160057018,3641.5770166733055,31.617454856954126,12084.02078125945,12.681641975305116,23.996192360164024,219456114577.08002,10540.078080234824,872492.0,4.3736966828326995,4368707.0,26.553612050082414,18223217.0,10780583957.440033,5.166194582291573,60735183854.59,38.265390442285316,178999131145.0742,79.42656641609756,0.7592889057739234,892.7979613506614,9.25440072589004,9799.821880932252,54.056867339804114,71.11897164006417,15073434051.91,1176.5693007626678,474280.0,3.844350649392757,4154100.0,47.98409285911313,10376172.0,-31250098.300001144,-0.20689011427999093,3833116735.199999,34.10149933669255,13600075105.213333,-47.764475102481356,-3.901262551441874,-121.80201887554517,-9.381139049612166,1320.5065425880284,33.261490684890774,4.884835999771798,46467723336.450005,4415.094237136097,468965.0,4.663638092177074,1928958.0,22.440747980724968,9300905.25,1625598643.1700058,3.6251597226694674,14210492154.530006,44.053663733218706,39006423975.36834,-44.24581710536586,-0.9922054960415462,662.413279285021,17.65173449928297,4184.83506670274,27.32489071657025,15.058758807026114,115904201610.23,17165.718505192624,261300.0,4.025714036569444,1269733.0,23.160416325799506,5896158.416666667,2545339587.9299927,2.245382092340758,40431616966.889984,53.57126320498661,90268281204.94417,-298.8954256421275,-1.7114344859030117,3399.229947961323,24.692062422670343,15235.296222067273,17.530092584719696,37.560984086351475,57084189630.4,16105.940881428009,142227.0,4.180605496599568,1170016.0,49.27881233789809,3026153.3333333335,6609645726.340004,13.0950083251933,6093074733.170006,11.949287136494837,49724425964.761665,1269.5064713884658,8.556681722189357,-5370.531080671624,-25.006579712669797,16532.999127378982,9.201884038514168,18.499228746686583,50.54841699354247,32.428983489784336,17.022599516673196,60.91829425736167,21.174039021878816,52.81429584843978,26.01166512968141,28.618077510449645
2023-01,39816981,34729142,5087839,21543411,13185731,10826758,6975037,3741616,319096247.11648,240871497.60501,78224749.51147,224359246.98018,16512250.62483,48694567.95088,121810503.85476,53854175.17454,False,True,319096247116.48,8014.074374862323,1299934.0,3.37495758696143,9933273.0,33.23976060802093,33442116.166666668,10520195584.46997,3.4092715660335884,102349637264.48996,47.22087110584178,250311160096.0725,2.659285538106815,0.03319370558705045,761.0718407728446,10.49319695113532,7449.292235593352,100.0,100.0,240871497605.01,6935.71691477463,1096689.0,3.2608058650970237,7917578.0,29.530459319717416,29259187.166666668,6341948976.02002,2.704115116024274,60554487739.78003,33.58223818431706,197645413561.93582,-37.59391179487375,-0.5391113737772097,210.3722140615355,3.1280510282131644,6743.848385983528,87.2219367912399,75.48553133471498,78224749511.47,15374.847653683617,203245.0,4.160939476238966,2015695.0,65.61199605226838,4182929.0,4178246608.450012,5.642733207701025,41795149524.71001,114.72854365653224,52665746534.136665,215.6547088820662,1.42260019822506,3516.809753520085,29.657602574128937,12377.088260719458,12.778063208760102,24.514468665285037,224359246980.18,10414.286158314484,722302.0,3.469085148154212,4002465.0,22.81784004123837,18556755.75,4903132403.099976,2.2342199999981496,56486153874.599976,33.64812837461348,183706310634.62418,-125.79192192033952,-1.1934629038112115,843.9304257570711,8.818171960798725,9870.149416412007,54.106088555533624,70.31083850330648,16512250624.83,1252.2817752637302,374387.0,2.9223085415550467,3915113.0,42.231413267162985,10702431.416666666,1438816572.92,9.545380090329738,4068333865.1800003,32.69335486373365,13939102927.311666,75.71247450106239,6.43502039803219,-90.0145807774743,-6.7060139418802915,1313.005327523239,33.11584823570627,5.174692831408486,48694567950.88,4497.613038998377,302017.0,2.8695908051324017,1851673.0,20.631258645461298,9455211.333333334,2226844614.4299927,4.792239547236912,13000143317.14,36.42065518784598,40089769251.79667,82.51880186228027,1.8690156411204275,520.5560380073007,13.088976041268177,4228.214736536683,27.191308150660642,15.2601506256841,121810503854.76001,17463.778880995185,222963.0,3.302140942175693,1128563.0,19.303309995050007,5990205.333333333,5906302244.530014,5.0958482630268245,40575590058.96001,49.94846201345737,93649580376.52417,298.0603758025609,1.7363699382137585,3569.0940169557653,25.686757575861773,15532.720723480254,17.517744502025405,38.17359337676429,53854175174.54,14393.292944690209,197322.0,5.567314675362709,1022229.0,37.59042019396283,3111339.0833333335,-3230014455.8600006,-5.658334605033732,2910420498.5,5.713007447150016,49966961006.30334,-1712.6479367377997,-10.633641023187156,-4340.250562004498,-23.168337375432714,16171.311580545274,9.397035902847582,16.877094500858096,50.25554217017909,32.37666031623312,17.367797513587796,60.81835005964287,21.70383819980538,54.29261574653119,24.003546053663438,28.55901436550069
2023-02,37175980,32303561,4872419,19742990,12560571,9771154,6487605,3484231,301134839.43537,228161037.91228,72973801.52309,212402955.04078,15758082.8715,46192538.18282,117571557.13633,48638859.72163,False,True,301134839435.37006,8100.252890048092,-2641001.0,-6.632850943671495,11635723.0,45.558363018821616,34411759.75,-17961407681.109924,-5.628837018115558,132210123221.93005,78.26570686960915,261328670364.56668,86.17851518576936,1.0753395982458656,1486.195865741719,22.470260844138682,7573.14189107183,100.0,100.0,228161037912.28,7063.03054057353,-2425581.0,-6.984281385356425,9356399.0,40.77366517044679,30038887.083333332,-12710459692.730011,-5.2768633147177475,87103700186.09,61.75056299103646,204904055244.11,127.31362579889992,1.8356231571056973,915.9811701027938,14.901151998274074,6820.180150158759,86.89363669767415,75.76706778268617,72973801523.09001,14976.914243846848,-215420.0,-4.234017625164633,2279324.0,87.89974914146994,4372872.666666667,-5250947988.37999,-6.712642764819655,45106423035.84001,161.86101988917721,56424615120.456665,-397.933409836769,-2.5882104252358507,4230.150825132918,39.36209126709465,12729.600829480534,13.106363302325857,24.232932217313813,212402955040.78,10758.398552639695,-1800421.0,-8.357177050560843,5150491.0,35.29546926814934,18985963.333333332,-11956291939.399994,-5.329083646129468,82421435877.68,63.41011892179694,190574763624.43082,344.1123943252114,3.304234098181386,1850.9784347352834,20.780185623160552,10024.397619306614,53.10684479602151,70.53416849376745,15758082871.5,1254.5673975729287,-625160.0,-4.741185756026723,4205908.0,50.34204252164331,11052923.75,-754167753.3299999,-4.56732259257217,4682264308.41,42.27465700831879,14329291619.679167,2.2856223091985157,0.18251661521762258,-71.1376084925464,-5.3660209599474795,1307.0771934821933,33.78679190165263,5.232899288918717,46192538182.82,4727.439377459407,-1055604.0,-9.74995469557923,2165820.0,28.477644768789904,9635696.333333334,-2502029768.0599976,-5.138211248909503,17409974298.21,60.48792028398516,41540600443.31416,229.82633846103,5.109962472721142,942.9160567728995,24.915054734075618,4306.79107460109,26.283514247640543,15.339486546767997,117571557136.32999,18122.490061637534,-487432.0,-6.988235331224766,1667422.0,34.59250406053048,6129157.166666667,-4238946718.430023,-3.4799517153991126,52957530056.50999,81.95980416309553,98062707881.23334,658.7111806423491,3.7718708255014963,4717.59919342361,35.19311898771307,15925.853989598887,17.451066521985435,39.04282790950974,48638859721.63,13959.711546573692,-257385.0,-6.878979563910353,1317249.0,60.78726080788858,3221109.8333333335,-5215315452.910004,-9.68414321825058,12053931522.96,32.9478069698609,50971455299.88333,-433.58139811651745,-3.012385003089017,-2923.1828192632183,-17.314464901103538,15927.713012273342,9.372264026395538,16.15185403748972,49.491763912153125,32.86029623679088,17.647939851055995,60.097784830933286,21.747596766698152,55.35307035335596,22.89933287994588,28.206755633949033
2023-03,41764206,36428531,5335675,22095934,14332597,10854529,7250483,3990922,342605467.84242,256488137.26655,86117330.57587,239038294.76105,17449842.5055,50627631.06837,130779300.74707,57631362.94561,False,True,342605467842.42,8203.327697464665,4588226.0,12.341910018242961,13128816.0,45.848217887027204,35505827.75,41470628407.04993,13.771448194040797,111059930151.76999,47.96461692133689,270583664543.88086,103.0748074165731,1.272488758260992,117.3355845355245,1.4510969451467821,7582.91985644979,100.0,100.0,256488137266.55002,7040.858640897433,4124970.0,12.769397157174096,10697079.0,41.57199912387377,30930310.333333332,28327099354.27002,12.41539730598561,60162733155.34003,30.64439542488368,209917616340.38834,-22.171899676096473,-0.31391482096431766,-588.9247118340791,-7.7187606070523636,6771.103090839253,87.22428722815897,74.86399411013508,86117330575.87001,16139.913052401058,463256.0,9.507720908238802,2431737.0,83.73928782226066,4575517.416666667,13143529052.779999,18.011298272053413,50897196996.430016,144.51165235256693,60666048203.4925,1162.99880855421,7.7652765424093895,4011.508940660382,33.07532387362584,13063.893241202233,12.775712771841036,25.136005889864936,239038294761.05,10818.20278613477,2352944.0,11.91787059609512,5498824.0,33.13121380770508,19444198.666666668,26635339720.26999,12.540004311689627,58586498103.34,32.466564028990966,195456971799.70914,59.804233495075096,0.5558841606625685,-54.28023396390927,-0.4992441364458127,10019.874266476289,52.906390702124206,69.77071798252639,17449842505.5,1217.4934176618515,1772026.0,14.107845893311696,5198255.0,56.90891582557342,11486111.666666666,1691759634.0,10.73582140540528,1576235052.0,9.929910744091465,14460644540.679167,-37.07397991107723,-2.9551206242725674,-520.3008814239502,-29.94030315887582,1263.718786696864,34.31789652603476,5.093276127608677,50627631068.37,4664.194187363634,1083375.0,11.087482604408855,2471578.0,29.483388367652392,9841661.166666666,4435092885.550003,9.60131887101954,12035205809.71,31.18540938810095,42543534260.79,-63.24519009577307,-1.337831858771755,60.51402047968077,1.3144705602048867,4311.833909641064,25.990028398959623,14.777239659133516,130779300747.06999,18037.32258210522,762878.0,11.759008139367301,1670174.0,29.92977629016601,6268338.333333333,13207743610.740005,11.233791515940355,38860190047.20999,42.27650784622874,101301057051.83417,-85.16747953231607,-0.4699546212614692,1565.2758370486263,9.50261895971355,16056.29364268627,17.360519196749486,38.17198294313896,57631362945.61,14440.613709215564,506691.0,14.542405483448139,1357072.0,51.52427055451145,3334199.1666666665,8992503223.980003,18.48831011961611,7691102246.420006,15.400604920239736,51612380487.085,480.90216264187256,3.44492908064355,-4520.322068900119,-23.84018448138715,15551.019506531664,9.555843106415097,16.821495380253918,49.1245538658832,32.81365250276363,18.061793631353172,59.95317208295692,21.179715626309555,54.710606464876676,24.109677908813765,27.908322224355576
2023-04,39801243,34306282,5494961,20896905,13409377,10164282,6803018,3929605,317704495.19289,237381194.43215,80323300.76074,221676932.63863,15704261.79352,48511880.46434,120726725.95221,52438326.22208,False,True,317704495192.89,7982.27570915034,-1962963.0,-4.700108509186072,10090775.0,33.963702624946876,36346725.666666664,-24900972649.52997,-7.268118867554989,107450341574.76001,51.1049792480745,279537859675.11084,-221.05198831432517,-2.694662415871109,905.50554120381,12.79546346305268,7658.378651550108,100.0,100.0,237381194432.15,6919.467240202538,-2122249.0,-5.825788034109857,8356089.0,32.20048883644141,31626651.083333332,-19106942834.400024,-7.449445045695632,64869460453.97,37.60292645494768,215323404711.5525,-121.39140069489531,-1.724099387392653,271.66566207246433,4.086548897099901,6793.7418960119585,86.19399650407902,74.71760646258001,80323300760.73999,14617.628907782966,159286.0,2.9853017659433907,1734686.0,46.131891949392,4720074.583333333,-5794029815.13002,-6.7280648115601265,42580881120.78999,112.81969075379187,64214454963.55833,-1522.284144618092,-9.431798917848749,4580.485443554951,45.635348940459224,13445.600361498478,13.806003495920969,25.282393537419978,221676932638.63,10608.12271667168,-1199029.0,-5.426468960307358,4273629.0,25.70870507113038,19800334.416666668,-17361362122.419983,-7.263004507196194,61994786719.869995,38.823868731956104,200623204026.365,-210.0800694630907,-1.9419128446394196,1002.1854803074384,10.43297968378936,10103.389723168575,52.503146698207395,69.77456598593037,15704261793.52,1171.1402993233764,-923220.0,-6.441400675676571,4082460.0,43.770733673302765,11826316.666666666,-1745580711.9799995,-10.003418147927762,2874673734.1000004,22.406594200733508,14700200685.1875,-46.35311833847504,-3.8072582295758437,-204.40405894849414,-14.859866766150084,1246.685115117823,33.69084980587164,4.943040476649651,48511880464.340004,4772.779864267835,-690247.0,-6.359069103781473,1804897.0,21.591265386149818,9992069.25,-2115750604.0299988,-4.1790432603350265,14202397920.970001,41.39496392292424,43727067420.870834,108.58567690420114,2.3280693843833626,668.4728436712239,16.287106211027393,4367.539979946999,25.537599416179035,15.269497661620013,120726725952.20999,17746.054170694533,-447465.0,-6.171519883571895,1457651.0,27.269427898963723,6389809.25,-10052574794.86,-7.686671160829876,42588143565.67999,54.50334810914307,104850069015.64082,-291.2684114106851,-1.6148095710150006,3128.052752544947,21.398634895883806,16316.964705398352,17.092476232463394,37.9996908381521,52438326222.08,13344.426786427644,-61317.0,-1.5364118867770404,1011081.0,34.64357325826342,3418455.9166666665,-5193036723.529999,-9.010782424894174,5204245233.220001,11.017987699278843,52046067589.85333,-1096.1869227879197,-7.59099955764599,-2839.809145454363,-17.546760671352445,15314.368744410467,9.87307104956496,16.505377486158253,48.64013115817869,32.555146324300175,18.804722517521135,59.90512338439233,21.88404534784067,54.4606624221991,23.655292229960224,28.664783698901925
2023-05,43031073,36533144,6497929,22179660,14353484,10874559,7290799,4014302,357732070.49209,267644799.48561,90087271.00648,249102513.02009,18542286.46552,53841924.36739,135608991.72616,59651596.92654,False,True,357732070492.08997,8313.34302289162,3229830.0,8.114897316146633,10884756.0,33.860040638559,37253788.666666664,40027575299.19995,12.598995577603567,132506675145.81998,58.83291932603747,290580082603.92914,331.0673137412805,4.147530426213759,1307.0848768567266,18.655962278473215,7767.302391288169,100.0,100.0,267644799485.61002,7326.081748825396,2226862.0,6.4911201977527035,8310338.0,29.44547044684359,32319179.25,30263605053.460022,12.748948005698143,84416451327.22003,46.07171989251742,222358108988.82083,406.614508622858,5.876384619041221,833.8729954367363,12.844211070715952,6863.231312298354,84.89944928865705,74.81711078278292,90087271006.48,13863.997437719001,1002968.0,18.25250443087767,2574418.0,65.61515948343207,4934609.416666667,9763970245.740005,12.155837911621765,48090223818.59999,114.50858343316676,68221973615.10833,-753.631470063965,-5.155634164872688,3160.0521224439817,29.52231190806294,13708.938038368811,15.100550711342942,25.182889217217095,249102513020.09003,11231.124057811978,1282755.0,6.138492757659567,4041146.0,22.279366435420233,20137096.583333332,27425580381.460022,12.37186930322978,79116147927.11002,46.542643513692795,207216216353.62418,623.0013411402979,5.872870797027939,1859.5534267790263,19.84249492418394,10258.352508733495,51.54335798226551,69.63382194876434,18542286465.519997,1291.8317577474568,944107.0,7.0406477497052995,4269192.0,42.33506923440932,12182082.666666666,2838024671.999996,18.07168467588232,5300303400.109997,40.02650791749739,15141892635.196665,120.69145842408034,10.30546540784307,-21.297916146357466,-1.62192025431905,1244.9102887722931,33.35609130639155,5.183288834018586,53841924367.39,4951.182330004371,710277.0,6.987970227508446,1516580.0,16.206277017719316,10118450.916666666,5330043903.049995,10.98708986753872,16130279337.220001,42.772674923927305,45071257365.63917,178.4024657365353,3.7379152361954366,921.2902956057042,22.861413847857033,4444.314171247474,25.271410266715865,15.050907874523519,135608991726.15999,18600.017875429014,487781.0,7.170067755222756,1455738.0,24.94811965119131,6511120.75,14882265773.949997,12.327233805579374,51538539495.43999,61.30398746280016,109144947306.92749,853.9637047344804,4.812132863567488,4192.207531934746,29.096770654173028,16666.31533305958,16.943102952603574,37.90797720193737,59651596926.54,14859.76813068374,84697.0,2.1553565816411573,1068828.0,36.28713069611207,3507524.9166666665,7213270704.459999,13.755722625301367,11447329094.450005,23.74754271618543,53000011681.0575,1515.341344256096,11.35561211064772,-1505.7702621487879,-9.200859916764223,15188.8878892314,9.32884476294607,16.674936872303427,49.02942155109681,32.87155438811957,18.09902406078362,59.86427022247511,21.614364188709597,54.439029972862286,23.946605838428102,28.419986283308923
2023-06,42955606,36752180,6203426,22255545,14496635,10946530,7327204,3981811,360765619.69764,270948191.70365,89817427.99399,252856608.23568,18091583.46797,53615481.13968,141275057.7432,57966069.3528,False,True,360765619697.64,8398.568971361736,-75467.0,-0.17537791818484286,10946161.0,34.1966597671406,38165968.75,3033549205.550049,0.8479947580257906,126652659205.08002,54.09895246235416,301134470871.0192,85.22594847011533,1.0251705990651072,1084.6976907893923,14.830691560988338,7857.693865520618,100.0,100.0,270948191703.65,7372.30258731999,219036.0,0.5995542020692224,8692102.0,30.97675637252327,33043521.083333332,3303392218.039978,1.234244873948162,82738654006.48001,43.960925157579894,229252996822.69418,46.22083849459432,0.6309080362364915,664.9250206157931,9.913338171337164,6918.641730683002,85.55851825254194,75.10366202043683,89817427993.99,14478.681295463186,-294503.0,-4.532259432197551,2254059.0,57.07393108819717,5122447.666666667,-269843012.48999023,-0.2995351168652676,43914005198.600006,95.66608005320731,71881474048.325,614.6838577441849,4.433669729856189,2855.698980730218,24.56941689664634,13946.91295342966,14.441481747458063,24.896337979563178,252856608235.68002,11361.510501570734,75885.0,0.342137796521678,4283726.0,23.835795363841576,20494073.75,3754095215.5899963,1.507048311185536,77645878471.76001,44.31570976068676,213686706226.27084,130.3864437587563,1.1609385052430619,1612.3176255507824,16.53796007581913,10392.712310862726,51.81057159337945,70.08888719706738,18091583467.969997,1247.9850301790725,143151.0,0.997325806055171,4408376.0,43.69808507097211,12549447.333333334,-450702997.54999924,-2.430676488512334,5092775534.719997,39.17878901566851,15566290596.423332,-43.84672756838427,-3.394151545309507,-40.52351557198335,-3.1449939315973023,1241.5333291412946,33.74794665916249,5.014774823369441,53615481139.68,4897.94310522878,71971.0,0.6618291371631714,1657441.0,17.842879963794083,10256571.0,-226443227.70999908,-0.42057045763235595,15431589122.159996,40.41387167939686,46357223125.819176,-53.23922477559063,-1.0752830582093234,787.3255820766171,19.15346240904624,4509.9246364205255,25.483356002473812,14.86158275963643,141275057743.2,19280.89592472108,36405.0,0.49932798860591276,1525317.0,26.29001564491001,6638230.5,5666066017.040024,4.1782377001089355,53453886482.96001,60.86674285470458,113599437847.17415,680.8780492920669,3.660631155583566,4144.239305893447,27.378828827620104,17011.6686085507,17.057619906468087,39.15978963339232,57966069352.799995,14557.714907312275,-32491.0,-0.8093810580270243,1100968.0,38.21686915947867,3599272.25,-1685527573.7400055,-2.82562020228177,8760402866.639992,17.803646393254354,53730045253.2775,-302.0532233714657,-2.032691363115956,-2522.586409406478,-14.768980725985722,14978.672355114197,9.269595684437556,16.067514804038623,49.18562991829676,32.92304906485103,17.891321016852206,59.90308275254527,21.203907429505115,55.87160989343089,22.924482677063978,27.51056128584075
2023-07,43926387,37510408,6415979,22979383,14531025,11155514,7530297,4293572,371589188.03757,277083336.36075,94505851.67682,258788474.05497,18294862.30578,56576545.40875,142778028.45138,59433900.19484,False,True,371589188037.57,8459.361523122081,970781.0,2.259963460880985,10511450.0,31.457338973884642,39041922.916666664,10823568339.929993,3.00016624339129,140353125238.04,60.696901486218046,312830564640.85583,60.792551760345305,0.7238441687821069,1539.2209045858262,22.242624672436232,7985.9622742361025,100.0,100.0,277083336360.75,7386.8387771402,758228.0,2.0630830606510964,8155928.0,27.78427006712434,33723181.75,6135144657.100006,2.2643238984264307,94364653965.82,51.64477585376809,237116717986.51248,14.536189820209984,0.19717299511297243,1162.2801273215018,18.672490576586586,7015.498407959795,85.3937930292332,74.56711478180445,94505851676.81999,14729.763248417737,212553.0,3.42638084181225,2355522.0,58.01125341310104,5318741.166666667,4688423682.829987,5.219948719911803,45988471272.21999,94.78762226795692,75713846654.34334,251.08195295455153,1.7341493180958865,2781.0145226954846,23.274525111644138,14178.664163654284,14.606206970766797,25.432885218195544,258788474054.97,11261.767735668534,723838.0,3.2523939539561937,4352432.0,23.366314755431524,20856776.416666668,5931865819.289978,2.3459405948216565,88945581263.62,52.36932779571094,221098837998.23917,-99.74276590219961,-0.8779005739457805,2143.641382549873,23.509669635326848,10571.349092741882,52.313391948215546,69.64370395750181,18294862305.780003,1259.0207714720746,34390.0,0.23722746692594524,3803496.0,35.45547161886022,12866405.333333334,203278837.8100052,1.1236099823428805,5419072702.200003,42.0873039172159,16017879988.273333,11.035741293002047,0.884284749106208,58.763973883366134,4.895950100130387,1246.4303269649083,33.080401081017655,4.923410824302637,56576545408.75,5071.621568378651,208984.0,1.9091346755547194,1605090.0,16.806478958421113,10390328.5,2961064269.0699997,5.5227785074907425,18352547723.270004,48.01315622264575,47886602102.75833,173.67846314987128,3.5459469295276524,1069.2864170303974,26.716563620869938,4599.031837839726,25.395928875279456,15.225562860841299,142778028451.38,18960.477714408873,203093.0,2.771766692997766,1555217.0,26.028387904429735,6767831.916666667,1502970708.1799927,1.063861329939775,58462421281.619995,69.33760337384807,118471306287.30916,-320.4182103122075,-1.6618429535807098,4849.267961608908,34.36465084537993,17415.77427201811,17.142991978830402,38.42362292762518,59433900194.84,13842.530227707837,311761.0,7.829628277183422,1192125.0,38.4377034332684,3698616.0,1467830842.040001,2.5322242105227355,12130612258.729996,25.64433211305345,54740929608.17167,-715.1846796044374,-4.912753712776745,-1409.4756702198083,-9.24124787029698,14861.216049262543,9.77447109410569,15.994518169035333,48.54575077146327,32.76979629957862,18.684452928958102,59.70045399688566,21.862080842415114,55.17171078533123,22.966208372253654,28.379858216067273
2023-08,45421667,38637497,6784170,23611555,15025942,11491835,7780689,4339031,415713739.99827,307619878.48086,108093861.51741,287900188.50119,19719689.97967,60782611.73724,163287230.52999,63830346.23396,False,True,415713739998.26996,9152.322392708968,1495280.0,3.404058703940299,12110601.0,36.35608959497123,40051139.666666664,44124551960.69995,11.874552161684177,166720243290.64996,66.95766977658087,326723918248.41,692.9608695868865,8.191645051376604,1677.52417677616,22.4424008289676,8125.7559556341175,100.0,100.0,307619878480.86,7961.692717332595,1127089.0,3.0047367120080377,9910200.0,34.4975024973634,34549031.75,30536542120.109985,11.020706810153602,113449233869.82999,58.42759295417481,246570820808.99838,574.8539401923945,7.7821373599133565,1202.5937108709013,17.792219195505535,7115.714550532371,85.0640224190803,73.99800605150558,108093861517.40999,15933.247769057967,368191.0,5.738656563557954,2200401.0,48.00418607482183,5502107.916666667,13588009840.589996,14.377956073087066,53271009420.81999,97.16935070609628,80153097439.41167,1203.4845206402297,8.17042677701902,3973.035093290493,33.2187662627458,14509.750421428495,14.935977580919696,26.001993948494423,287900188501.19,12193.190516303988,632172.0,2.7510399213068517,4738542.0,25.107501383059507,21251654.916666668,29111714446.22,11.249231463081427,106500227666.38,58.710171257072844,229973856970.4375,931.4227806354538,8.270662319605739,2581.584736410232,26.859036830355393,10786.481154109402,51.98302167113329,69.25443178817908,19719689979.67,1312.3762876011367,494917.0,3.4059331671372117,5171658.0,52.48131675523051,13297376.833333334,1424827673.8899956,7.788130077589277,6949006203.449999,54.41373637635274,16596963838.560831,53.35551612906215,4.237858289397221,16.423808839615504,1.2673156700399184,1247.798977701543,33.08100074794701,4.743574263326505,60782611737.24,5289.199830770282,336321.0,3.01484091185758,1765623.0,18.153244037863868,10537463.75,4206066328.489998,7.434293306709209,20891583546.14,52.37163465944725,49627567398.27,217.57826239163023,4.290112333069597,1187.8057637789389,28.96102506556452,4698.015651487971,25.30033739184429,14.621266003258143,163287230529.99,20986.217355556815,250392.0,3.3251278136838422,1836158.0,30.888189497203395,6920845.083333333,20509202078.609985,14.364396469862974,74751454736.44998,84.43078977561092,124700594182.01332,2025.7396411479422,10.68401161437244,6092.565393183331,40.90712881283421,17923.488054783385,17.129906306609136,39.27876680974497,63830346233.96,14710.73754346535,45459.0,1.0587687827291588,1136761.0,35.498599431028616,3793346.0833333335,4396446039.120003,7.397202648164251,10857189383.79,20.495643509596047,55645695390.15417,868.2073157575123,6.272027595212826,-1831.6392236935699,-11.072406640682177,14708.57944728808,9.552777972679866,15.354398975175956,48.67038617321053,32.95288683866861,18.376726988120858,59.62807466214597,21.112390392543546,56.71661119086592,22.170998416590535,27.126636553235706
2023-09,46002251,39496883,6505368,23359512,16137371,11330338,7672467,4356707,387002854.2527,282498211.01575,104504643.23695,264196612.83972,18301598.17603,56625009.25947,146613402.33483,60958201.24542,False,True,387002854252.69995,8412.693853887715,580584.0,1.2782093620650252,11592158.0,33.68824954934007,41017152.833333336,-28710885745.570007,-6.906407699127167,133408135535.44995,52.60682722821044,337841262876.36414,-739.6285388212527,-8.081320861363718,1042.9166574921692,14.151264410031894,8212.665677091796,100.0,100.0,282498211015.75,7152.417850688369,859386.0,2.224227930706795,9435284.0,31.38650076464662,35335305.416666664,-25121667465.109985,-8.166464270504887,82109195173.15002,40.97489816390162,253413253740.09415,-809.2748666442258,-10.164608147742696,486.471177572279,7.297855824953235,7156.253815330059,85.8585876591126,72.99641537818945,104504643236.95,16064.370722294265,-278802.0,-4.109596310233972,2156874.0,49.60048237389772,5681847.416666667,-3589218280.4599915,-3.320464483435906,51298940362.299995,96.41624410668487,84428009136.27,131.1229532362977,0.8229518246175506,3828.9386681969154,31.293857472852356,14828.828643778237,14.141412340887404,27.003584621810557,264196612839.72,11310.022779573477,-252043.0,-1.067456167118176,4382097.0,23.091116466599903,21616829.666666668,-23703575661.47,-8.233261598358427,77609687326.5,41.59438669833339,236441330914.3125,-883.167736730511,-7.243122590019349,1477.9710742585012,15.032173533623148,10909.64541029761,50.779062963679756,68.26735512064425,18301598176.03,1134.112748354735,1111429.0,7.396734261319524,5053187.0,45.58916560749984,13718475.75,-1418091803.6399994,-7.191247961311664,4499507846.65,32.60019127010105,16971922825.781664,-178.2635392464017,-13.583264261216243,-111.09306286059655,-8.921662737195932,1238.54122246316,35.07952469543284,4.729060257545198,56625009259.47,4997.645194650857,-161497.0,-1.4053195159867855,1656594.0,17.124641710593128,10675513.25,-4157602477.7699966,-6.840118183376344,15160558735.310005,36.56278702276891,50890947292.87916,-291.5546361194247,-5.512263583298284,711.3574322126533,16.596119337727483,4757.295437505692,24.62996430326855,14.63167742491526,146613402334.83,19109.03003360327,-108222.0,-1.390905098507343,1631284.0,27.002724466383487,7056785.416666667,-16673828195.160004,-10.211348518215955,54830679443.90999,59.73965221000689,129269817469.00584,-1877.1873219535446,-8.944857904354524,3916.1906690417272,25.776555488215987,18249.837277203533,16.678459930145593,37.88432067715354,60958201245.42,13991.806482607162,17676.0,0.40737206072046966,1094219.0,33.539403056808176,3884531.0,-2872144988.540001,-4.499654408911726,7618449147.279999,14.282873181080383,56280566152.4275,-718.9310608581873,-4.88711771747667,-2357.6029552635664,-14.420110794965874,14512.11253434945,9.470638730265613,15.751357018575456,48.504172518672476,32.84515104596363,18.650676435363888,59.624555427475045,21.432905081876527,55.494050721905296,23.073044196218166,27.86137168425799
2023-10,49304265,42183198,7121067,24723393,17459805,11831083,7993056,4899254,407686922.09287,289002160.05356,118684762.03931,270389706.62936,18612453.4242,56945623.4031,150120187.79234,63323895.43392,False,True,407686922092.87,8268.796261193022,3302014.0,7.177940053411734,12959417.0,35.65681991571405,42097104.25,20684067840.170044,5.344680953351325,129728424349.01001,46.67186842711869,348651964905.4483,-143.89759269469323,-1.710481745727554,620.9861026841736,8.119789715141831,8264.414518982145,100.0,100.0,289002160053.56,6851.120203204128,2686315.0,6.8013341711040844,10775295.0,34.30759130910459,36233246.666666664,6503949037.809998,2.3022974249728563,75049162833.87997,35.07740663096293,259667350642.91748,-301.29764748424077,-4.212528599056094,39.0449997217429,0.5731733510778447,7159.507565306872,85.55689452017995,70.88825870841305,118684762039.31,16666.71048584573,615699.0,9.464476106501586,2184122.0,44.240355118398114,5863857.583333333,14180118802.36,13.568888771964438,54679261515.13,85.42900386268093,88984614262.53084,602.3397635514666,3.7495384908886256,3702.113852871291,28.555565264986747,15137.338131517508,14.443105479820051,29.111741291586963,270389706629.36002,10936.593801237557,1363881.0,5.8386536499563855,4756058.0,23.81919269647151,22013167.833333332,6193093789.640015,2.3441230843474803,71547206926.62,35.98184846477972,242403598158.1975,-373.42897833591996,-3.301752663224987,978.2042764091293,9.822916385930212,10991.162433331703,50.14453212110554,66.32287963550765,18612453424.199997,1066.017256447022,1322434.0,8.194854044069508,6019237.0,52.613095783356215,14220078.833333334,310855248.16999817,1.6985142236219133,3501955907.2599983,23.1756492685568,17263752484.719997,-68.09549190771304,-6.004296486967423,-254.7648513067188,-19.288938713744265,1217.3108181876,35.4123623990744,4.565379072905392,56945623403.1,4813.221528671551,500745.0,4.419506284808096,1720940.0,17.02191551593286,10818924.916666666,320614143.62999725,0.5662059005780693,13032293497.220001,29.67730646970358,51976971750.980835,-184.42366597930595,-3.6902112654315804,469.72906710300595,10.814547769086605,4796.439526430942,23.996064032188695,13.96797893608369,150120187792.34,18781.325664719476,320589.0,4.1784343940482245,1672078.0,26.452836886950088,7196125.25,3506785457.51001,2.391858726190222,48596240272.729996,47.86677573125623,133319504158.39998,-327.7043688837948,-1.714918906441227,2719.8953734560037,16.934328538196723,18476.495224991533,16.21169284239406,36.822419277443245,63323895433.920006,12925.211763652182,542547.0,12.453144083363881,1363040.0,38.5451785440587,3998117.6666666665,2365694188.5000076,3.8808464491523207,9918673156.670006,18.57247799696032,57107122248.81666,-1066.5947189549806,-7.622995074158835,-2177.1610783901833,-14.416019927208707,14330.6824444836,9.93677524652279,15.532481421980709,47.85379984049924,32.3299314135402,19.816268745960556,59.680185858260984,21.06057368565398,55.519934417518,23.419491896828013,27.50121957571818
2023-11,49790609,42296064,7494545,24663981,17632083,11779591,8034797,4849593,439391180.47398,311712160.59602,127679019.87796,291760489.57001,19951671.02601,60132400.80577,163237025.06558,68391063.69866,False,True,439391180473.98,8824.780200498853,486344.0,0.9864136500158759,12342064.0,32.95739260363787,43125609.583333336,31704258381.109985,7.77661893551931,145175097298.90997,49.34301882216451,360749889680.3575,555.9839393058319,6.723880015222609,968.2377587278843,12.323967774679655,8345.100998876136,100.0,100.0,311712160596.01996,7369.7675650391475,112866.0,0.26756150636089754,10010383.0,31.005643027941705,37067445.25,22710000542.45996,7.858072942517515,87931945826.16998,39.293887494300996,266995012795.0983,518.6473618350192,7.570256344246571,438.5148288849996,6.326631643334253,7196.050467713955,84.9478744074008,70.94183371176679,127679019877.95999,17036.260357094394,373478.0,5.244691560969725,2331681.0,45.16254931371425,6058164.333333333,8994257838.649994,7.578275158584363,57243151472.73999,81.26988815331721,93754876885.25916,369.5498712486624,2.2172933978933878,3393.47054019819,24.87372880285434,15420.127343200693,15.0521255925992,29.05816628823321,291760489570.01,11829.415923163824,-59412.0,-0.24030682196412118,4715364.0,23.637548407491103,22406114.833333332,21370782940.649994,7.903696929537431,83084958950.37003,39.815381661500034,249327344737.395,892.8221219262668,8.163621490863429,1368.764409345098,13.084886802097683,11105.226134110462,49.53540736969094,66.40108007067465,19951671026.01,1131.5549629621185,172278.0,0.9867120509077851,5295019.0,42.919603886305524,14661330.416666666,1339217601.8100014,7.195277115206879,4846986875.799997,32.08929645663997,17667668057.703335,65.53770651509649,6.147902964866641,-92.77881290303071,-7.577901935889219,1209.5792504456808,35.41246703770986,4.540753641092143,60132400805.770004,5104.795302805505,-51492.0,-0.4352264285526523,1723815.0,17.14253579236451,10962576.166666666,3186777402.670006,5.596176162848933,15290276112.490005,34.09801880949096,53251161427.02167,291.57377413395443,6.057767596963873,645.4552485640424,14.474232525732663,4850.2274638112785,23.65825852822969,13.685390940460843,163237025065.58002,20316.260020704944,41741.0,0.5222157832999043,1544023.0,23.78796427051689,7324793.833333333,13116837273.24002,8.73755719742666,49878163043.280014,44.00023267123832,137476017745.34,1534.9343559854678,8.172662480736523,2851.6460898701916,16.328137004136412,18714.13239914738,16.137173578254487,37.150728626253496,68391063698.66,14102.43368848891,-49661.0,-1.0136441180636888,1447526.0,42.54842717677224,4118744.8333333335,5067168264.739998,8.001984448394696,17916519794.600006,35.49614995760044,58600165565.03333,1177.2219248367292,9.107950773752664,-734.0007215506321,-4.947285185003395,14269.515717687713,9.739975263206762,15.564960503960323,47.76029871252334,32.57704828754125,19.66265299993541,59.44968373486983,20.61019327681818,55.948982436297335,23.440824286884492,26.920604989334286
2023-12,51203227,44184445,7018782,25267143,18917302,12073383,8277339,4916421,430234920.12837,304677122.94904,125557797.17933,283801023.02513,20876099.92391,57277747.56279,157204053.22556,69319222.23678,False,True,430234920128.37,8402.496196741076,1412618.0,2.837117336725084,12686180.0,32.93653327058016,44182791.25,-9156260345.609985,-2.0838516457551437,121658868596.35999,39.425894521739885,370888128730.05414,-422.2840037577771,-4.785207043841226,391.0811074168605,4.881548428791364,8377.691091160874,100.0,100.0,304677122949.04,6895.57428975378,1888381.0,4.464673119465679,10551992.0,31.374434686640313,37946777.916666664,-7035037646.97998,-2.256901891003673,70147574320.04999,29.909908892128023,272840643988.43582,-474.19327528536724,-6.434304353570863,-77.73653681572341,-1.114772290366492,7189.572422979312,86.29230536583172,70.81645600922698,125557797179.33,17888.82988235423,-475763.0,-6.3481238687605455,2134188.0,43.692229077790294,6236013.333333333,-2121222698.6299896,-1.6613713832213994,51511294276.31001,69.56614054248486,98047484741.61833,852.569525259838,5.004440571987404,2729.636937552681,18.006479286146554,15647.59708799675,13.707694634168272,29.183543990773014,283801023025.12994,11232.018713992711,603162.0,2.4455176153436056,4446034.0,21.35349274623172,22776617.666666668,-7959466544.880066,-2.7280823927223823,64344908448.04993,29.32017117502093,254689420441.39917,-597.397209171113,-5.050098948683654,691.9406337578876,6.564853016178716,11162.887853590286,49.34677847550507,65.9641999632321,20876099923.91,1103.545311266374,1285219.0,7.289093410007201,6105958.0,47.66055770573329,15170160.25,924428897.9000015,4.633340719656362,5802665872.0,38.49597810304366,18151223547.036663,-28.009651695744424,-2.475324010989479,-73.02398949629378,-6.206518345239729,1203.4939179876565,36.945526890326654,4.852256045994862,57277747562.79,4744.134064395207,293792.0,2.4940764072368897,1548642.0,14.714300332901303,11091629.666666666,-2854653242.9800034,-4.747279677391635,10810024226.339996,23.263511638110415,54151996779.21667,-360.6612384102982,-7.06514594644148,329.0398272591101,7.452611645103767,4877.647449416205,23.579340028705612,13.313133100795243,157204053225.56,18992.100387039845,242542.0,3.018645026128227,1525265.0,22.58957766161923,7451899.25,-6032971840.02002,-3.695835450074081,41299851615.33,35.63274759806876,140917672046.6175,-1324.1596336650982,-6.517733245762779,1826.381881847221,10.639705418067651,18866.330889301313,16.165658855837346,36.539119878659484,69319222236.78,14099.52936023583,66828.0,1.3780125466198916,1372127.0,38.71369022998656,4233088.75,928158538.1199951,1.3571342335156291,12235032606.379997,21.433312245645457,59619751615.565,-2.904328253080166,-0.020594518061452183,-2006.411521192178,-12.457586526384185,14102.314757588369,9.601779590962108,16.111946983777393,47.78293691534496,32.759299300281,19.457763784374038,59.326558536842086,20.182361202312574,55.39234903027109,24.425289767416356,26.705178412461912
2024-01,54165550,46464066,7701484,26815777,19648289,12438621,8776432,5600724,501562886.6225,360009453.76797,141553432.85453,336606019.66072,23403434.10725,65415241.79667,192398425.23689,78792352.62716,False,True,501562886622.5,9259.813416876594,2962323.0,5.785422469564272,14348569.0,36.03630571589544,45378505.333333336,71327966494.13,16.578841734382635,182466639506.02002,57.18232074331293,386093682022.2225,857.3172201355173,10.203125357772008,1245.739042014271,15.54439082723976,8481.502677995397,100.0,100.0,360009453767.97003,7748.126342795097,2279621.0,5.159329261689267,11734924.0,33.78984715487645,38924688.25,55332330818.93005,18.16097325698618,119137956162.96002,49.46120954432178,282768807002.0158,852.5520530413169,12.363757059482843,812.4094280204672,11.713416767196096,7257.2732086476835,85.78158257416383,71.77753046926102,141553432854.53,18380.020377180554,682702.0,9.72678735427315,2613645.0,51.37043448112254,6453817.083333333,15995635675.199997,12.739659371654923,63328683343.06,80.95734884235607,103324875020.20667,491.1904948263218,2.7457944318137786,3005.1727234969367,19.546032527853605,15898.028148288162,14.218417425836163,28.222469530738987,336606019660.72,12552.536503444222,1548634.0,6.129042765143649,5272366.0,24.47321828469967,23215981.5,52804996635.59003,18.606344710362183,112246772680.53998,50.02992931709025,264043318164.7775,1320.517789451511,11.756727112699929,2138.250345129738,20.531895442709885,11341.075382351097,49.50707045345242,67.1114288234938,23403434107.25,1191.1181735595399,730987.0,3.864118678234349,6462558.0,49.01175369040973,15708706.75,2527334183.34,12.106352204442992,6891183482.42,41.73376264079657,18725488837.23833,87.57286229316583,7.935592802498662,-61.16360170419034,-4.884172469196024,1198.396951178974,36.274512120711414,4.66610164576721,65415241796.67,5259.042927400875,365238.0,3.0251504487184744,1611863.0,14.887771574833389,11225951.583333334,8137494233.879997,14.207077931895581,16720673845.79,34.33786261879715,55545386266.36584,514.9088630056676,10.853590054928377,761.4298884024975,16.929644275757184,4941.099940116413,22.96408141337068,13.042281145874457,192398425236.88998,21922.16896762716,499093.0,6.029631020307372,1801395.0,25.826314613098113,7602015.5,35194372011.32999,22.387700119177136,70587921382.12997,57.94896100774285,146799998828.46164,2930.0685805873145,15.427827996248297,4458.390086631975,25.5293548836889,19237.863396520646,16.202977722925365,38.35978107002526,78792352627.16,14068.244146142535,684303.0,13.918722582952112,1859108.0,49.68730088817238,4388014.416666667,9473130390.380005,13.665950200684259,24938177452.620003,46.30685990788274,61697933069.94999,-31.285214093295508,-0.22188835736267604,-325.04879854767387,-2.2583351828991067,14075.227357709395,10.340011317156385,15.709366607594086,46.38545808312771,32.7286134576671,20.885928459205193,58.63110971252347,19.433770632683544,57.15834358245192,23.407885784864536,25.37306984123336
2024-02,50790527,42885846,7904681,24671603,18214243,11789981,8112430,4769192,445927445.23274,310038588.23614,135888856.9966,288531361.31035,21507226.92579,59428241.16699,167630446.53203,61472673.61133,False,True,445927445232.74,8779.73652907244,-3375023.0,-6.230940145535309,13614547.0,36.621891339515464,46513050.916666664,-55635441389.76001,-11.092415901105912,144792605797.36993,48.082316237090694,398159732505.3367,-480.07688780415447,-5.18452009982387,679.4836390243472,8.388425006571778,8538.126314580759,100.0,100.0,310038588236.14,7229.391912570409,-3578220.0,-7.701047945308962,10582285.0,32.75888066953361,39806545.333333336,-49970865531.83002,-13.880431474456994,81877550323.86002,35.88585986155054,289591936195.67084,-518.7344302246884,-6.694966076631599,166.36137199687892,2.3553823113352994,7271.13665631409,84.43670214329534,69.52668905012645,135888856996.6,17190.934965825945,203197.0,2.638413583667771,3032262.0,62.233194641101264,6706505.583333333,-5664575857.929993,-4.001722701950506,62915055473.509995,86.21594895752104,108567796309.66582,-1189.0854113546084,-6.4694455552992745,2214.0207219790973,14.78288975907511,16082.529875119755,15.563297856704656,30.473310949873568,288531361310.35,11694.876952679158,-2144174.0,-7.995942090359716,4928613.0,24.96386312306292,23626699.25,-48074658350.369995,-14.282174275678896,76128406269.56998,35.841500536070136,270387352020.57498,-857.6595507650636,-6.832559702413413,936.4784000394629,8.704626394508198,11419.115249021052,48.57520576622487,64.70365625505707,21507226925.79,1180.7916983313553,-1434046.0,-7.298579535347836,5653672.0,45.01126580949226,16179846.083333334,-1896207181.459999,-8.102260432252484,5749144054.290001,36.48377852288033,19204584175.095833,-10.326475228184563,-0.86695639923996,-73.77569924157342,-5.880568822711241,1192.2489762421762,35.86149637707047,4.823032795069358,59428241166.99,5040.571411182936,-648640.0,-5.214725973240925,2018827.0,20.661090798487056,11394187.166666666,-5987000629.68,-9.15230222382939,13235702984.169998,28.653335592398,56648361515.04667,-218.4715162179391,-4.154206748905778,313.13203372352837,6.62371336196404,4967.19427626004,23.212952683085962,13.326885752899331,167630446532.03,20663.407453997137,-664002.0,-7.565739699230849,1624825.0,25.04506670797621,7737417.583333333,-24767978704.859985,-12.87327517071124,50058889395.70001,42.57738063097546,150971572944.77,-1258.7615136300228,-5.741956991066246,2540.9173923596027,14.020796169386932,19449.606512550614,15.972328855733275,37.591417241551426,61472673611.33,12889.536343122692,-831532.0,-14.846866226580707,1284961.0,36.87932860938325,4495094.5,-17319679015.83,-21.98142134146639,12833813889.700005,26.385926732556047,62767417560.75833,-1178.7078030198427,-8.378499767101642,-1070.175203450999,-7.666169890979344,13986.046090755144,9.389924227405634,13.785353260606323,47.78765692687257,32.88164940073006,19.33069367239737,59.2389585362296,20.59680476226216,58.09782540474808,21.30536983298976,26.17307523848888
2024-03,55764523,47582091,8182432,26676009,20906082,12479266,8878156,5318587,500280278.96426,352637764.00734,147642514.95692,327063255.65251,25574508.35483,65851709.24797,192624860.50194,68586685.9026,False,True,500280278964.26,8971.300247009376,4973996.0,9.793156901089056,14000317.0,33.52228700337317,47679744.0,54352833731.52002,12.18871686696745,157674811121.84003,46.022269321855056,411299300098.8233,191.56371793693688,2.181884585062545,767.972549544711,9.361719754070801,8602.124027042819,100.0,100.0,352637764007.34,7411.144752073633,4696245.0,10.950570964602168,11153560.0,30.617649665862178,40736008.666666664,42599175771.20001,13.73995927847358,96149626740.79001,37.486968311859385,297604405090.73663,181.7528395032241,2.5140819822922276,370.2861111761995,5.259104465261676,7301.99383224544,85.3268143260187,70.48804017168393,147642514956.91998,18043.842583344413,277751.0,3.5137534329342324,2846757.0,53.353268330623585,6943735.333333333,11753657960.319977,8.649464143048945,61525184381.04997,71.443441139697,113694895008.08667,852.9076175184673,4.9613800483450845,1903.9295309433546,11.796405127846189,16241.190669365033,14.673185673981287,29.51195982831607,327063255652.51,12260.576747162966,2004406.0,8.12434441329167,4580075.0,20.72813486861429,24008372.166666668,38531894342.160034,13.35449088347605,88024960891.46002,36.824627191828185,277722765428.19666,565.6997944838076,4.83715901221357,1442.3739610281955,13.332842705415215,11539.313079106736,47.8368818827698,65.37600409307267,25574508354.83,1223.3046993133387,2691839.0,14.778758579206395,6573485.0,45.86387937929183,16727636.5,4067281429.040001,18.911231294829527,8124665849.330002,46.560109907978806,19881639662.54,42.513000981983396,3.6003810868640898,5.8112816514872065,0.47731524188833363,1192.7332497131333,37.48993244324891,5.112036078611255,65851709247.97,5276.889622191722,689285.0,5.846362263009584,1624737.0,14.968286509714055,11529581.916666666,6423468080.980003,10.808780396058536,15224078179.599998,30.070690368744817,57917034696.68,236.31821100878642,4.688321853440949,612.6954348280879,13.136147643424016,5018.252229162381,22.378503981823712,13.162963246183534,192624860501.94,21696.49423843645,765726.0,9.438922739549062,1627673.0,22.44916649001177,7873057.0,24994413969.910004,14.910426170781687,61845559754.87001,47.290021740122825,156125369591.00916,1033.0867844393142,4.999595476879945,3659.171656331233,20.286667490004795,19754.53748391155,15.920796094678332,38.5033887205658,68586685902.600006,12895.659298719755,549395.0,11.519666224383501,1327665.0,33.26712473959652,4605733.25,7114012291.270004,11.57264175013664,10955322956.990005,19.00930742750118,63680361140.5075,6.122955597062173,0.047503303719137434,-1544.9544104958095,-10.698675566052058,13857.299889880493,9.53758180626776,13.709652126323341,46.78085841101643,33.28142526867494,19.937716320308635,58.43058211801031,20.134242569252255,58.8952923243066,20.970465106441143,25.47685823581034
2024-04,55402268,46739583,8662685,26430126,20309457,12093053,8740133,5596940,508325768.81979,357519826.59153,150805942.22826,331039426.95886,26480399.63267,64884345.00135,194291898.00073,71863183.95678,False,True,508325768819.79,9175.179774585942,-362255.0,-0.6496155270618921,15601025.0,39.19733109842826,48979829.416666664,8045489855.529968,1.6081964838163723,190621273626.89996,59.99955194564271,427184406234.3984,203.87952757656603,2.2725750110139296,1192.9040654356022,14.944410703180019,8701.532699162452,100.0,100.0,357519826591.53,7649.187340664336,-842508.0,-1.7706409749836343,12433301.0,36.24205327758922,41772117.083333336,4882062584.190002,1.3844412262347445,120138632159.38004,50.61000406825358,307615957770.685,238.04258859070342,3.2119543815967067,729.7201004617982,10.545900069041135,7362.803840617256,84.36402459191743,70.33281578889951,150805942228.26,17408.683592703648,480253.0,5.86931855956762,3167724.0,57.64779768227655,7207712.333333333,3163427271.340027,2.1426262430324154,70482641467.52002,87.74868662017207,119568448463.71333,-635.1589906407644,-3.5200871860135576,2791.054684920682,19.093757972160734,16473.778559775088,15.635975408082572,29.667184211100512,331039426958.86,12525.079409718288,-245883.0,-0.9217383304976392,5533221.0,26.478662749340153,24469473.916666668,3976171306.3499756,1.2157193563114528,109362494320.22998,49.33417880628513,286836306621.54913,264.5026625553219,2.1573427417802873,1916.956693046608,18.070649673329356,11699.059470193954,47.705855651974396,65.12347932457837,26480399632.670002,1303.8457715866064,-596625.0,-2.8538345922492794,6900080.0,51.457125860507915,17302643.166666668,905891277.8400002,3.5421649764340963,10776137839.150002,68.61919382671348,20779651149.13583,80.54107227326767,6.583892984182659,132.70547226322992,11.331304399643681,1203.7920390684023,36.65816893994304,5.209336464321121,64884345001.35,5365.423024388465,-386213.0,-3.0948374688062583,1928771.0,18.97596898629928,11690312.833333334,-967364246.6200027,-1.4690040056170957,16372464537.009995,33.749391654782436,59281406741.430824,88.53340219674283,1.677757325535474,592.6431601206295,12.417148432877566,5067.639159172433,21.8277219264742,12.764323388915699,194291898000.73,22229.85599884235,-138023.0,-1.5546358951115524,1937115.0,28.474347708619906,8034483.25,1667037498.7900085,0.8654321640758406,73565172048.52002,60.93528294442524,162255800595.0525,533.3617604059,2.458285447153127,4483.801828147818,25.266472112726195,20128.1876362572,15.775767519120338,38.221925764619215,71863183956.78,12839.727414762352,278353.0,5.2335892973077245,1667335.0,42.43009157408951,4744677.833333333,3276498054.1799927,4.777163397037363,19424857734.699997,37.04324514942441,65299099285.065834,-55.93188395740253,-0.4337264397405048,-504.69937166529235,-3.7820985475270636,13815.241608908385,10.102366206379855,14.137230171043463,45.75480646592453,33.068828351404754,21.176365182670715,58.04706490884304,19.600186478516807,58.69146759515014,21.708345926333063,25.034835079706465
2024-05,57831815,49174004,8657811,27695540,21478464,12917369,9313671,5464500,540821896.69535,390209570.23395,150612326.4614,359930964.17519,30278606.05876,70317373.13328,213655971.4948,75957619.54711,False,True,540821896695.35004,9351.632776791634,2429547.0,4.385284371390717,14800742.0,34.39547510237544,50213224.583333336,32496127875.56006,6.39277602451834,183089826203.26007,51.18071352993454,442441891751.3367,176.45300220569152,1.923155802292217,1038.2897539000132,12.48943717396213,8788.056845320787,100.0,100.0,390209570233.95,7935.281622256142,2434421.0,5.208478218558347,12640860.0,34.60107348001584,42825522.083333336,32689743642.419983,9.143477147567634,122564770748.34,45.79381739675077,317829688666.38,286.09428159180607,3.7401918511118413,609.1998734307463,8.315493797600885,7413.5704967364845,85.02932857977913,72.15121514463358,150612326461.4,17396.12085103267,-4874.0,-0.05626431066118646,2159882.0,33.23954447640163,7387702.5,-193615766.86001587,-0.12838735927723516,60525055454.92,67.1849138937358,124612203084.95667,-12.562741670979449,-0.0721636509968207,3532.1234133136677,25.47694796670993,16768.122177551228,14.97067142022086,27.848784855366404,359930964175.18994,12995.990118812992,1265414.0,4.787771348498301,5515880.0,24.869091771469893,24929130.583333332,28891537216.329956,8.727521516619971,110828451155.09991,44.49110119822904,296072010884.4742,470.91070909470363,3.759742303344768,1764.8660610010138,15.714064344017592,11846.131641944039,47.889799066482695,66.55258715938093,30278606058.76,1409.7193383456097,1169007.0,5.755973682605103,7124980.0,49.63937675340705,17896391.5,3798206426.0899963,14.343463387176328,11736319593.240002,63.29488876716516,21757677781.905834,105.87356675900332,8.120098946225006,117.88758059815291,9.125614066317066,1213.6160041182486,37.139529513296445,5.598627985252642,70317373133.28,5443.6296689581295,824316.0,6.816442464942475,2042810.0,18.785221543236833,11860547.0,5433028131.93,8.373403679758129,16475448765.89,30.59966551988352,60654360805.255005,78.2066445696646,1.4576044463628917,492.44733895375884,9.946055429417484,5108.67643741858,22.3360947602976,13.001946401014608,213655971494.8,22940.03851916178,573538.0,6.562119821288761,2022872.0,27.745546132872406,8203055.916666667,19364073494.069977,9.966485320966507,78046979768.64,57.55295336628047,168759715575.7725,710.1825203194276,3.1947238900531394,4340.020643732765,23.333421896685472,20489.85602323493,16.10475306714825,39.505791610940335,75957619547.11,13900.195726436088,-132440.0,-2.3662930101090955,1450198.0,36.12578226550967,4865527.666666667,4094435590.330002,5.697542698348128,16306022620.57,27.335433518486703,66657934503.44666,1060.468311673736,8.259274339846755,-959.5724042476522,-6.457519362406765,13735.277241887745,9.448951239036852,14.044849147426003,46.640610726492426,33.62877560791377,19.73061366559381,58.10510439457624,19.536350059355904,59.36026426190073,21.10338567874338,24.76196250932449
2024-06,58019799,48621361,9398438,26973420,21647941,12551858,9142566,5278996,490318033.6088,340140555.52422,150177478.08458,312487402.68588,27653152.83834,64017542.82208,177550176.43934,70919683.42446,False,True,490318033608.8,8450.87439218464,187984.0,0.3250529142133962,15064193.0,35.06921308478339,51468574.0,-50503863086.55005,-9.338353974783558,129552413911.15997,35.91041020475806,453237926243.9333,-900.7583846069938,-9.632097475453124,52.305420822904125,0.6227896800188256,8792.415630389361,100.0,100.0,340140555524.22,6995.702064453111,-552643.0,-1.1238519442101969,11869181.0,32.295175415444746,43814620.5,-50069014709.73004,-12.831313870572467,69192363820.56998,25.537119618886116,323595718984.7608,-939.5795578030311,-11.840531975170048,-376.60052286687915,-5.108316138768017,7382.187119830913,83.80132616453912,69.37141451248374,150177478084.58002,15978.982686759227,740627.0,8.554437143522769,3195012.0,51.50399150404954,7653953.5,-434848376.8199768,-0.2887203106389986,60360050090.59001,67.2030489390421,129642207259.1725,-1417.1381642734414,-8.146288338697746,1500.3013912960414,10.362141141722296,16893.147293492566,16.19867383546089,30.628585487516265,312487402685.88,11585.012307889767,-722120.0,-2.607351219727075,4717875.0,21.19864959496611,25322286.833333332,-47443561489.30994,-13.181294806916815,59630794450.19998,23.58284992679326,301041243755.32416,-1410.9778109232248,-10.857024343845058,223.50180631903277,1.9671839082323914,11864.756792470624,46.490026620050855,63.73157446115839,27653152838.34,1277.403372373382,169477.0,0.7890554929812486,7151306.0,49.330799871832326,18492333.666666668,-2625453220.419998,-8.670984441373978,9561569370.370003,52.85092588660443,22554475229.436665,-132.3159659722278,-9.38597934873395,29.41834219430939,2.3572672334129017,1216.067532634441,37.31129954448825,5.6398400513253515,64017542822.08,5100.244348054288,-365511.0,-2.829608722952793,1605328.0,14.6651770012963,11994324.333333334,-6299830311.199997,-8.95913773579007,10402061682.400002,19.401227894048674,61521199278.78833,-343.3853209038416,-6.308021334771713,202.30124282550787,4.130330599584588,5125.534874320706,21.633749541255735,13.056330470022315,177550176439.34,19420.1689590581,-171105.0,-1.8371381166459497,1815362.0,24.775644297606565,8354336.083333333,-36105795055.45999,-16.899033901488096,36275118696.139984,25.676944873084658,171782642133.78415,-3519.869560103678,-15.343782257224792,139.27303433702036,0.7223369436813922,20501.46210942968,15.75766575820092,36.21122705451995,70919683424.45999,13434.312779259539,-185504.0,-3.394711318510385,1297185.0,32.57776423843322,4973626.416666667,-5037936122.650009,-6.632561884756551,12953614071.659996,22.346890545260482,67737402342.75167,-465.88294717654935,-3.35162868455521,-1123.4021280527359,-7.716885068881628,13641.660397883352,9.0986113205942,14.464016936616128,46.534173271316725,33.8947230273358,19.571103701347475,57.85753058020807,20.486439540230684,56.818346887992085,22.695213571777227,26.50086816972488
2024-07,60208084,51043801,9164283,28635738,22408063,13072361,9592166,5971211,556007982.55229,382538039.31405,173469943.23824,353557250.9683,28980788.34575,69161013.09693,203811356.42566,80584881.44571,False,True,556007982552.2899,9234.772901132179,2188285.0,3.7716176851974272,16281697.0,37.06586885918936,52825382.083333336,65689948943.48993,13.397416460496867,184418794514.7199,49.62975254707196,468606159120.16,783.8985089475391,9.275945571649812,775.4113780100979,9.166310907633585,8857.033245223536,100.0,100.0,382538039314.05005,7494.309432678222,2422440.0,4.982254610273045,13533393.0,36.079034384270095,44942403.25,42397483789.83008,12.464695285890755,105454702953.30005,38.05883974776555,332383610897.5358,498.6073682251108,7.1273385234436715,107.47065553802167,1.4548937479264805,7391.143007792415,84.77898250341266,68.80081785122107,173469943238.24,18928.916014295934,-234155.0,-2.491424638860202,2748304.0,42.83530229759169,7882978.833333333,23292465153.659973,15.509958917103168,78964091561.42,83.5547113330634,136222548222.62416,2949.933327536706,18.46133377427794,4199.152765878196,28.50794473108226,17243.076690649083,15.221017496587336,31.19918214877895,353557250968.3,12346.71343089883,1662318.0,6.162800267819208,5656355.0,24.614912419537113,25793649.75,41069848282.41998,13.142881258386085,94768776913.32999,36.62016913983576,308938641831.435,761.7011230090629,6.574884020540228,1084.9456952302953,9.633884490389816,11955.168933739815,47.56128429531157,63.588520680105454,28980788345.75,1293.3196566677807,760122.0,3.511290057562518,7877038.0,54.20841268940079,19148753.5,1327635507.4099998,4.801027626655598,10685926039.969997,58.40943682092612,23444969066.10083,15.916284294398793,1.2459873395219518,34.298885195706134,2.7242509395300227,1218.9257730674165,37.21769820810109,5.212297171115613,69161013096.93,5290.629068224936,520503.0,4.146820335284226,1916847.0,17.182955442483422,12154061.583333334,5143470274.849991,8.034470003237894,12584467688.179993,22.243259282200196,62569904919.47,190.3847201706485,3.7328548825955585,219.0074998462851,4.3182934076112405,5143.785499307895,21.711969774690058,12.438852546586546,203811356425.66,21247.688626912837,449600.0,4.917656596627249,2061869.0,27.38097846605519,8526158.5,26261179986.320007,14.790849839167656,61033327974.28,42.747002908128536,176868752798.3075,1827.5196678547363,9.410421050957597,2287.210912503964,12.063044755279638,20692.063018805016,15.931691166256012,36.65619250466292,80584881445.71,13495.567556683227,692215.0,13.11262596145176,1677639.0,39.07327046105201,5113429.666666667,9665198021.250015,13.628371637536832,21150981250.87001,35.587402444617496,69499984113.6575,61.25477742368821,0.45595765433015617,-346.96267102461024,-2.5064974778246394,13612.746841964637,9.917623354365505,14.49347562885599,45.65051195816919,33.49718453213952,20.852303509691282,57.67762548055823,19.56147495420225,57.64592746082127,22.79259758497649,25.33626872854856
2024-08,59850068,50575077,9274991,28559225,22015852,13264556,9632966,5661703,557993524.52112,385872662.57052,172120861.9506,357708538.80724,28164123.76328,69137982.9145,208787172.48773,79783383.40501,False,True,557993524521.12,9323.18948277753,-358016.0,-0.5946311129914049,14428401.0,31.765458982383894,54027748.833333336,1985541968.8300781,0.35710673787733743,142279784522.85004,34.22542264863368,480462807830.39746,88.41658164535147,0.9574310336804454,170.8670900685629,1.8669260405935992,8871.272169395917,100.0,100.0,385872662570.51996,7629.69995222192,-468724.0,-0.9182780098997722,11937580.0,30.8963595649066,45937201.583333336,3334623256.4699097,0.8717102389214431,78252784089.65997,25.438142839175732,338904676238.3409,135.39051954369825,1.8065776541510388,-331.99276511067455,-4.16987664429609,7363.476944033191,84.50295662153634,69.15360942614572,172120861950.6,18557.523338901352,110708.0,1.2080377701125118,2490821.0,36.71519139408358,8090547.25,-1349081287.6399841,-0.7777031931042856,64027000433.19002,59.23278115369909,141558131592.05667,-371.3926753945816,-1.9620387935267387,2624.275569843385,16.47043721330734,17461.766321469364,15.497043378463662,30.846390573854276,357708538807.24,12525.148662375817,-76513.0,-0.26719409152297735,4947670.0,20.954443703517196,26205955.583333332,4151287838.9400024,1.1741486923463516,69808350306.04999,24.247413893499914,314756004356.93915,178.4352314769876,1.4452042843274906,331.9581460718291,2.722487979072868,11982.832112579135,47.717949125805504,64.10621684440368,28164123763.28,1279.26567471838,-392211.0,-1.750311930129793,6989910.0,46.51894703174017,19731246.0,-816664582.4700012,-2.8179515778761215,8444433783.610001,42.8223455455729,24148671881.40167,-14.053981949400622,-1.0866595800152379,-33.11061288275664,-2.5229511684700423,1216.1665553271869,36.78500749573083,5.047392581742047,69137982914.5,5212.234990338161,192195.0,1.4702393852189364,1772721.0,15.425917618900725,12301788.333333334,-23030182.429992676,-0.03329937113228171,8355371177.260002,13.746318130224196,63266185850.90833,-78.39407788677545,-1.4817534337760239,-76.96484043212058,-1.4551320217544506,5137.371762605219,22.162975654430333,12.390463307586849,208787172487.73,21674.235379604786,40800.0,0.425347100957177,1852277.0,23.806079384486388,8680514.916666666,4975816062.070007,2.4413831247352165,45499941957.74002,27.86497254565373,180660414628.11917,426.5467526919492,2.0074971926672283,688.0180240479713,3.278427991053829,20749.397854142346,16.09516299964772,37.41749022390805,79783383405.01,14091.764157358659,-309508.0,-5.183337182357146,1322672.0,30.483119387715828,5223652.333333333,-801498040.7000122,-0.9946010049539887,15953037171.049995,24.9928726887626,70829403877.91167,596.1966006754319,4.417721582818394,-618.9733861066907,-4.207629864089613,13561.165726455743,9.459810471727451,14.298263312908787,46.44578415555744,33.729787835629296,19.824428008813264,57.93009392020674,19.32802139558561,58.36795878116852,22.304019823245884,24.87647540016281
2024-09,61839892,52139475,9700417,28825336,23314139,13209654,9622931,5992751,568555933.63272,381688001.68477,186867931.94795,351387747.84492,30300253.83985,67244127.25887,201603663.44183,82539957.14422,False,True,568555933632.72,9193.999459648474,1989824.0,3.32468126853256,15837641.0,34.42796962261694,55347552.25,10562409111.599976,1.892926825748529,181553079380.02002,46.91259441241017,495592231112.06573,-129.1900231290565,-1.3856848385169651,781.3056057607591,9.287222610623093,8936.38096987598,100.0,100.0,381688001684.76996,7320.518698831738,1564398.0,3.0932192154645657,12642592.0,32.00908790701281,46990750.916666664,-4184660885.75,-1.08446679219864,99189790669.01996,35.11165267644469,347170492127.42584,-309.18125339018206,-4.052338300671212,168.10084814336915,2.3502660450296626,7377.485348045139,84.31365792165354,67.1328851052561,186867931947.95,19263.907102957535,425426.0,4.586807685312039,3195049.0,49.11403935949511,8356801.333333333,14747069997.350006,8.567857394057512,82363288711.00002,78.81304232985372,148421738984.64,706.3837640561833,3.8064549409749135,3199.5363806632704,19.916973007992947,17728.394353191303,15.68634207834645,32.86711489474391,351387747844.92,12190.239442305892,266111.0,0.931786489304244,5465824.0,23.398707986707944,26661440.916666668,-6320790962.320007,-1.7670226669445315,87191135005.19998,33.00236671016527,322021932274.0392,-334.90922006992514,-2.6738941716193434,880.216662732415,7.782625021075419,12056.183501140169,46.61284984132896,61.80354949420194,30300253839.850002,1299.6514192460636,1298287.0,5.897055448955598,7176768.0,44.472968986088254,20329310.0,2136130076.5700035,7.5845785032199755,11998655663.820004,65.5606988439671,25148559853.38667,20.385744527683528,1.5935504978018962,165.5386708913286,14.596315148690167,1229.961444568131,37.70080808032459,5.3293356110541605,67244127258.87,5090.52903723822,-54902.0,-0.4139000204756194,1879316.0,16.586583736513422,12458398.0,-1893855655.6299973,-2.739240538694986,10619117999.400002,18.75340620385692,64151112350.85834,-121.70595309994133,-2.335005104826351,92.88384258736278,1.8585521574596653,5145.112082820833,21.361056063940087,11.827178872133427,201603663441.83002,20950.338669354485,-10035.0,-0.10417352246442063,1950464.0,25.42160168300496,8843053.583333334,-7183509045.899994,-3.440589266240556,54990261107.00003,37.506981102188334,185242936387.0358,-723.8967102503011,-3.3398950300755703,1841.3086357512148,9.635803766665653,20902.840240454945,15.561041083318838,35.4588970963169,82539957144.22,13773.299965945524,331048.0,5.847145284731467,1636044.0,37.552307281623484,5359989.333333333,2756573739.2100067,3.455072499516118,21581755898.800003,35.40418755453601,72627883536.145,-318.46419141313527,-2.2599313177323834,-218.50651666163867,-1.5616748054174294,13542.956850067276,9.690752694070035,14.517473525751607,45.8265395414645,33.383586578140836,20.789873880394662,57.85439537397977,19.136730768583103,57.37356088203877,23.489708349378148,25.01196944323445
2024-10,67660989,56820830,10840159,31130913,25689917,14016481,10304039,6810393,646315696.50555,443383093.56226,202932602.94329,401635538.72483,41747554.83743,74221804.68729,226682194.62588,100731539.41166,False,True,646315696505.55,9552.264991360827,5821097.0,9.413174589632208,18356724.0,37.23151333865336,56877279.25,77759762872.83008,13.676712927080612,238628774412.68005,58.53235938687311,515477962313.12256,358.26553171235355,3.8967321380074518,1283.468730167806,15.52183279918699,9043.336697389963,100.0,100.0,443383093562.25995,7803.178756140309,4681355.0,8.978523469981239,14637632.0,34.70014767491075,48210553.583333336,61695091877.48999,16.16374934636876,154380933508.69995,53.4186088713278,360035569919.8175,482.6600573085707,6.593249428972801,952.0585529361806,13.89639248324562,7456.8235607898205,83.97871630283146,68.6016285786512,202932602943.29,18720.44523916024,1139742.0,11.749412422167007,3719092.0,52.22661154571359,8666725.666666666,16064670995.339996,8.596804613760392,84247840903.98001,70.98454717891754,155442392393.30502,-543.4618637972962,-2.821140389084725,2053.7347533145075,12.322376122502696,17899.538915967514,16.021283697168542,31.39837142134879,401635538724.82996,12901.50207688512,2305577.0,7.998439289658236,6407520.0,25.91683107573463,27195400.916666668,50247790879.90997,14.299813009441104,131245832095.46994,48.53950756171971,332959084948.6616,711.2626345792269,5.834689613321371,1964.9082756475618,17.966364220505454,12219.925857444134,46.01013591450754,62.142315418975905,41747554837.43,1625.056041926099,2375778.0,10.190288391091775,8230112.0,47.13747948502289,21015152.666666668,11447300997.579998,37.77955477892678,23135101413.230003,124.29904261385359,27076484971.155834,325.40462268003535,25.037838443542405,559.038785479077,52.44181387291263,1276.5480100247207,37.968580388323915,6.45931315967529,74221804687.29,5295.3237469012365,806827.0,6.1078586918325035,2185398.0,18.471664850969262,12640514.5,6977677428.419991,10.376634678531845,17276181284.189995,30.33803170771771,65590794124.54083,204.79470966301687,4.0230535601487265,482.1022182296856,10.016206720548468,5185.287267673307,20.71574951409593,11.48383136733128,226682194625.88,21999.353324058655,681108.0,7.0779682406534965,2310983.0,28.91238344883359,9035635.5,25078531184.049988,12.439521562209139,76562006833.54001,51.00047366010999,191623103623.16418,1049.0146547041695,5.00714891181514,3218.027659339179,17.134188058855774,21171.009212066543,15.22892164641578,35.07298304087118,100731539411.66,14790.85559550822,817642.0,13.643850712302246,1911139.0,39.00877562175793,5519250.916666667,18191582267.440002,22.039728268400122,37407643977.74,59.07350411942956,75745187200.95667,1017.5556295626957,7.387885489160922,1865.6438318560377,14.434145188263257,13698.427169388611,10.065464753995837,15.585501010773456,45.024317147396225,33.09905816125598,21.876624691347793,57.632324473325404,18.479889733597783,56.43977506213298,25.080335204269254,24.66627391350908
2024-11,65214452,55057329,10157123,30037118,25020211,13595950,9905710,6535458,600719402.67985,408216723.29347,192502679.38638,374341236.68345,33875486.61002,71637218.25024,212511344.61513,90192673.81808,False,True,600719402679.85,9211.445994821055,-2446537.0,-3.6158753162771533,15423843.0,30.97741383319895,58162599.5,-45596293825.70007,-7.054802176742204,161328222205.87,36.716308696010245,528921980830.2783,-340.81899653977234,-3.567939089294662,386.6657943222017,4.38159121855912,9075.558846916814,100.0,100.0,408216723293.47003,7414.393881938407,-1763501.0,-3.103617106613895,12761265.0,30.17128260445227,49273992.333333336,-35166370268.78992,-7.9313737441483765,96504562697.45007,30.95951165746155,368077616811.27167,-388.7848742019023,-4.982390976189904,44.62631689925911,0.6055322166598351,7460.542420531426,84.42504278039476,67.95464262888589,192502679386.37997,18952.480873410706,-683036.0,-6.300977688611393,2662578.0,35.526879883968945,8888607.166666666,-10429923556.910034,-5.139599751659767,64823659508.41998,50.7707997526772,160844364019.00668,232.0356342504674,1.2394771133171834,1916.2205163163126,11.247894057444025,18059.223958993873,15.574957219605249,32.045357371114115,374341236683.45,12462.621636451606,-1093795.0,-3.5135333165461606,5373137.0,21.78535979248443,27643162.333333332,-27294302041.379944,-6.795788571907208,82580747113.44,28.304294126715252,339840813874.7817,-438.8804404335133,-3.401777853602258,633.2057132877817,5.35280623659421,12272.693000218116,46.05899011464514,62.31548956359465,33875486610.019997,1353.9248973567808,-669706.0,-2.606882692536531,7388128.0,41.90161763644148,21630830.0,-7872068227.410004,-18.85635759522871,13923815584.009998,69.78771635648069,28236802936.49,-271.13114456931817,-16.684418110772338,222.36993439466232,19.65171305621384,1295.0788378909426,38.36605266574961,5.639153065291241,71637218250.24,5269.011599060014,-420531.0,-3.000260907142099,1816359.0,15.419542155580784,12791877.75,-2584586437.049988,-3.482246824823678,11504817444.470001,19.132476485731893,66549528911.58001,-26.312147841222213,-0.4968940351686672,164.21629625450896,3.2169026672677474,5198.971959027849,20.848062941631404,11.925237961461129,212511344615.13,21453.418746877305,-398329.0,-3.8657559428880264,1870913.0,23.285130912454914,9191544.916666666,-14170850010.75,-6.251417335242321,49274319549.54999,30.185749544108738,195729296918.96,-545.9345771813496,-2.4815937502322467,1137.1587261723616,5.597283776706181,21265.772439247576,15.189439911263841,35.376141284450355,90192673818.07999,13800.513111411623,-274935.0,-4.03699169783594,1685865.0,34.76302031943712,5659739.666666667,-10538865593.580017,-10.462329529692575,21801610119.419983,31.87786377395845,77561988044.24167,-990.3424840965963,-6.695640273828039,-301.9205770772878,-2.1409111628989965,13673.267121298837,10.021487261749895,15.014110317683157,45.26382990538573,32.97823046804956,21.757939626564706,57.85101988540384,19.136875991788685,56.76941885909128,24.09370514912003,25.211184433891304
2024-12,68111280,57862083,10249197,31520116,26341967,14242613,10333749,6943754,621330031.30172,410354380.14354,210975651.15818,375706976.16985,34647403.97369,72173636.96429,200793137.22773,102740201.97783,False,True,621330031301.72,9122.2780030227,2896828.0,4.4420031314531325,16908053.0,33.021459760729535,59571603.916666664,20610628621.869995,3.4309909967822882,191095111173.34998,44.41645766836699,544846573428.05743,-89.1679917983547,-0.9680129683058182,719.7818062816241,8.566285416002838,9135.54066410695,100.0,100.0,410354380143.54004,7091.939295437049,2804754.0,5.094242766480735,13677638.0,30.955776405022174,50413795.5,2137656850.0700073,0.5236573437813888,105677257194.50006,34.68499904804981,376884054910.8133,-322.4545865013579,-4.349035020743407,196.36500568326846,2.8476961806509675,7476.906171005031,84.95227662730754,66.0445108831816,210975651158.18,20584.602984817247,92074.0,0.9064968495508028,3230415.0,46.025293277380605,9157808.416666666,18472971771.80002,9.596215403694284,85417853978.84999,68.03070450244562,167962518517.24417,1632.122111406541,8.611654180304802,2695.7731024630157,15.069588789159209,18283.871717532456,15.047723372692454,33.95548911681841,375706976169.85,11919.593702315371,1482998.0,4.937218011395101,6252973.0,24.747447703129712,28164243.416666668,1365739486.3999634,0.36483810827254876,91905953144.72003,32.38394004541061,347499643303.50836,-543.0279341362348,-4.357252831522592,687.5749883226599,6.121561990153092,12329.990915911667,46.277380193119264,60.46818232537764,34647403973.69,1315.292968580896,1321756.0,5.2827532109941036,7424665.0,39.24801221654124,22249552.083333332,771917363.6700058,2.2786901116918012,13771304049.780003,65.9668429446792,29384411607.305004,-38.63192877588472,-2.8533287814785333,211.74765731452203,19.187944088270456,1312.724476000486,38.67489643418829,5.576328557803945,72173636964.29,5067.443520672084,646663.0,4.756291395599424,2169230.0,17.96704370266395,12972646.916666666,536418714.0499878,0.7487989164741061,14895889401.499992,26.00641616566811,67790853028.371666,-201.56807838793065,-3.825538710597832,323.3094562768765,6.814930857526108,5225.914413717589,20.910799209763788,11.615990428320732,200793137227.73,19430.81230516921,428039.0,4.321133972224101,2056410.0,24.84385380374055,9362912.416666666,-11718207387.399994,-5.514156154167829,43589084002.17001,27.727710009885936,199361720585.8075,-2022.606441708096,-9.427898022092636,438.71191812936377,2.3099705097848973,21302.331765758358,15.171861400930947,32.316663787690665,102740201977.82999,14796.06016829369,408296.0,6.247396892459564,2027333.0,41.23595192519111,5828684.083333333,12547528159.75,13.911915046513155,33420979741.049988,48.213148766861366,80347069689.32916,995.5470568820674,7.213840882907832,696.5308080578598,4.940099703059943,13731.311355303658,10.194719582424526,16.535528109366243,45.185788656361545,32.784616021083174,22.029595322555284,57.952487027982414,19.210086993876224,53.44408008462298,27.345832921500797,26.440447625145413
2025-01,70783311,60439743,10343568,32928497,27511246,14785060,10833463,7309974,681874387.99967,457921254.06456,223953133.93511,420530809.68334,37390444.38122,76928626.16797,236311495.8482,107290687.66717,False,True,681874387999.67,9633.264937262826,2672031.0,3.9230374175907428,16617761.0,30.679575855871487,60956417.333333336,60544356697.95007,9.744315202519083,180311501377.17004,35.949928949364434,559872531876.1549,510.98693424012527,5.601527755137564,373.451520386232,4.033035046965342,9166.661624139135,100.0,100.0,457921254064.56,7576.492409383011,2577660.0,4.454834437951361,13975677.0,30.07846321499285,51578435.25,47566873921.01996,11.591657411913403,97911800296.58997,27.197008098485988,385043371602.1958,484.55311394596265,6.832448696476067,-171.63393341208575,-2.215166942543295,7462.6033432206905,85.38699609573223,67.15624785496146,223953133935.11002,21651.43922630083,94371.0,0.920764816990053,2642084.0,34.30616748668179,9377982.083333334,12977482776.930023,6.151175600448838,82399701080.58002,58.21102280526082,174829160273.95917,1066.8362414835829,5.182690393739719,3271.4188491202767,17.7987770524012,18556.489954959146,14.613003904267774,32.843752145038536,420530809683.34,12771.02959431583,1408381.0,4.468197388613671,6112720.0,22.79523729631254,28673636.75,44823833513.49005,11.930530002516122,83924790022.62006,24.932646809825787,354493375805.3933,851.4358920004597,7.143162034416233,218.49309087160873,1.7406290020479733,12348.198673484303,46.5201422973842,61.67276804705906,37390444381.22,1359.0967265248546,1169279.0,4.43884467701292,7862957.0,40.018532911440786,22904798.5,2743040407.529999,7.91701568640746,13987010273.970001,59.76477729666628,30549995796.8025,43.803757943958544,3.330342288016605,167.97855296531475,14.102593402913776,1326.7226887475956,38.86685379834803,5.4834798079024045,76928626167.97,5203.132497803188,542447.0,3.8086199491624186,2346439.0,18.864140968681337,13168183.5,4754989203.680008,6.588263254673832,11513384371.300003,17.600461383429604,68750301725.98,135.68897713110437,2.6776613607547075,-55.91042959768674,-1.0631293634509047,5221.255211251115,20.887776781168093,11.281935136711313,236311495848.19998,21813.10776140556,499714.0,4.835747413644361,2057031.0,23.438123829820594,9534331.666666666,35518358620.46997,17.689030168489644,43913070611.31,22.824028085075103,203021143136.75,2382.295456236352,12.260400743012614,-109.0612062215987,-0.4974927726478673,21293.243331906557,15.305109137943548,34.65616248491714,107290687667.17,14677.300858685681,366220.0,5.27409237135993,1709250.0,30.518375838552302,5971121.583333333,4550485689.340012,4.429118886024721,28498335040.009995,36.16890991294822,82721930942.66335,-118.75930960800906,-0.8026414346604039,609.0567125431462,4.329301554737003,13782.066081348921,10.327256378272557,15.734670425430602,44.90050062108818,32.89996199948027,22.19953737943156,57.71238256007186,18.29321999638916,56.19362253770246,25.513157465908375,24.558995084288345
2025-02,63670332,53790877,9879455,28973578,24817299,12988305,9608405,6376868,635759643.16725,429459406.96796,206300236.19929,389343327.78124,40116079.18672,70889707.20721,227157727.99519,91295892.57884,False,True,635759643167.25,9985.178704066597,-7112979.0,-10.048949250198257,12879805.0,25.35867564437754,62029734.416666664,-46114744832.420044,-6.762938400971641,189832197934.51,42.57019835041374,575691881704.0308,351.91376680377107,3.65311002132329,1205.4421749941575,13.729821743540521,9267.115138721982,100.0,100.0,429459406967.96,7983.870702981103,-6648866.0,-11.000817789711647,10905031.0,25.428042156379522,52487187.833333336,-28461847096.599976,-6.215445743994072,119420818731.82,38.51805009538473,394995106496.51416,407.37829359809166,5.376871929464077,754.4787904106943,10.436269046346936,7525.476575754915,84.48342471341283,67.55059267814859,206300236199.29,20881.742585931108,-464113.0,-4.486972000377432,1974774.0,24.98233641559982,9542546.583333334,-17652897735.820007,-7.88240710261054,70411379202.69,51.81541795178373,180696775207.5167,-769.6966403697224,-3.5549444650069386,3690.8076201051626,21.4694990554159,18864.057256634576,15.516575286587168,32.44940732185141,389343327781.24,13437.875286968008,-3954919.0,-12.010627147664833,4301975.0,17.436949678543385,29032134.666666668,-31187481902.100037,-7.4162180710574415,100811966470.89001,34.93969113550007,362894373011.30084,666.8456926521776,5.221549975492809,1742.99833428885,14.903947611774997,12493.448534675039,45.50561790693977,61.24064840630581,40116079186.72,1616.456294728931,-2693947.0,-9.792166447132201,6603056.0,36.25215717172544,23455053.166666668,2725634805.5,7.289656088893656,18608852260.93,86.52371747012876,32100733485.213333,257.35956820407637,18.936074466320914,435.6645963975757,36.89597386340355,1363.0280717807268,38.97780680647307,6.309944271842783,70889707207.21,5457.964469359937,-1796755.0,-12.152503946551452,1198324.0,10.163917991046805,13268043.833333334,-6038918960.7599945,-7.850028346501732,11461466040.220009,19.286227919843594,69705423895.99834,254.8319715567486,4.897664467786302,417.39305817700097,8.280669474317516,5256.037966099198,20.39930465573825,11.15039433048143,227157727995.19,23641.56465044823,-1225058.0,-11.308092343140878,1495975.0,18.440528916736415,9658996.25,-9153767853.00998,-3.8736024331588625,59527281463.16,35.51102004121061,207981749925.34668,1828.4568890426672,8.382376821508206,2978.1571964510913,14.41271098719488,21541.42309827748,15.090866810620682,35.73012701207764,91295892578.84,14316.729243703961,-933106.0,-12.7648333632924,1607676.0,33.70960951037409,6105094.583333333,-15994795088.330002,-14.907906208922798,29823218967.509995,48.514595535687405,85207199189.95583,-360.5716149817199,-2.456661605926965,1427.192900581269,11.072492156343221,13900.998823064028,10.015446440580835,14.360127063746745,44.82810165869055,33.162645635275005,22.009252706034445,57.47874358700891,18.207505342698653,58.34380912335113,23.44868553395022,23.784706336784865
2025-03,71181767,61268144,9913623,32499447,28768697,14439980,10828346,7231121,698529119.83999,486312533.20167,212216586.63832,442695504.06284,43617029.13883,79521477.33101,258178208.54776,104995818.18407,False,True,698529119839.99,9813.315253047736,7511435.0,11.797386261469471,15417244.0,27.647047209567273,63314504.75,62769476672.73999,9.873145825996877,198248840875.72998,39.62755463520737,592212618443.6749,-171.86345101886036,-1.72118553019854,842.0150060383603,9.385651832565182,9337.283055891845,100.0,100.0,486312533201.67,7937.4451623941795,7477267.0,13.900622962514628,13686053.0,28.76303397427406,53627692.25,56853126233.70996,13.238300363496638,133674769194.32996,37.90710548843758,406134670596.0417,-46.42554058692349,-0.5814916387559811,526.3004103205467,7.101472551501415,7569.3349432816285,86.07280569475046,69.61950753220827,212216586638.32,21406.56212550346,34168.0,0.34584903721915833,1731191.0,21.15741383490874,9686812.5,5916350439.029999,2.867835029192449,64574071681.400024,43.736773042806696,186077947847.63333,524.8195395723524,2.5132937895994605,3362.7195421590477,18.636382614327655,19144.28388514783,13.927194305249547,30.380492467791726,442695504062.83997,13621.631902316367,3525869.0,12.169256417001725,5823438.0,21.83024454670112,29517421.166666668,53352176281.599976,13.70311816710441,115632248410.32996,35.35470475875896,372530393712.1616,183.75661534835854,1.3674529002852474,1361.0551551534008,11.101069576260693,12606.869797604491,45.65698263714077,63.37538285651526,43617029138.83,1516.1280727740293,3951398.0,15.921950249299893,7862615.0,37.60922300027332,24110271.083333332,3500949952.1100006,8.727049161048003,18042520784.0,70.54884705375964,33604276883.88,-100.32822195490166,-6.206677055362393,292.8233734606906,23.937075826248133,1387.4300195691178,40.415823057609686,6.244124675693008,79521477331.01,5507.03514347042,1451675.0,11.176785577486823,1960714.0,15.711773432828501,13431436.666666666,8631770123.799988,12.176337671376464,13669768083.039993,20.758410433304565,70844571236.25166,49.070674110483196,0.8990654736936715,230.14552127869774,4.361385925353281,5275.21675953909,20.28606567184543,11.384132038650836,258178208547.76,23842.811131797967,1219941.0,12.696602609902477,1950190.0,21.96616054054468,9821512.083333334,31020480552.570007,13.655921295896592,65553348045.82001,34.03161350772778,213444528929.165,201.24648134973904,0.8512401117492177,2146.316893361516,9.892459444250703,21720.28283939094,15.212246697950052,36.96026424881186,104995818184.07,14519.99187734101,854253.0,13.396121732486858,1912534.0,35.959438098878515,6264472.416666667,13699925605.230011,15.0060700632279,36409132281.47,53.0848397211882,88241293546.745,203.26263363704857,1.419756078200871,1624.3325786212554,12.595963812276853,14036.359871282466,10.158670267345288,15.030986569052567,44.43146371075176,33.31855462032939,22.24998166891886,57.14656364651937,17.963018960256267,58.319591271727035,23.717389768016712,23.547986763469247
2025-04,68977344,58812468,10164876,31387672,27424796,13733224,10346441,7308007,648098438.02429,441858172.39099,206240265.6333,398457515.23406,43400657.15693,72592507.58312,223490729.49782,102374278.15312,False,True,648098438024.2899,9395.816081643994,-2204423.0,-3.096892775926734,13575076.0,24.502744183685763,64445761.083333336,-50430681815.70007,-7.219553256026331,139772669204.49994,27.4966719725853,603860340877.3833,-417.49917140374237,-4.254415155714875,220.6363070580519,2.40470827252002,9355.669414813348,100.0,100.0,441858172390.99,7513.0017055395465,-2455676.0,-4.008079631072226,12072885.0,25.83010849711689,54633766.0,-44454360810.67999,-9.141109425663336,84338345799.45996,23.58983740944173,413162866079.33,-424.44345685463304,-5.347356084619648,-136.18563512478977,-1.780393511880727,7557.986140354562,85.26345694029622,68.17763266610892,206240265633.30002,20289.501380370995,251253.0,2.5344215732230286,1502191.0,17.34093990489092,9811995.083333334,-5976321005.019989,-2.816142272236907,55434323405.04001,36.75871294324369,190697474798.05334,-1117.060745132465,-5.218309874249333,2880.817787667347,16.5481655883203,19384.35203412011,14.736543059703777,31.822367333891087,398457515234.06,12694.713874735915,-1111775.0,-3.4209043618496033,4957546.0,18.757178834486073,29930550.0,-44237988828.77997,-9.99287059000727,67418088275.20001,20.365576660926983,378148567735.095,-926.918027580452,-6.804750225432453,169.634465017627,1.35435839940469,12621.006003022625,45.50432095500806,61.48101767514618,43400657156.93,1582.533454649216,-1343901.0,-4.67140030707682,7115339.0,35.03460973870449,24703216.0,-216371981.90000153,-0.4960722593262929,16920257524.259998,63.89728916094134,35014298344.23499,66.40538187518678,4.379932214676704,278.6876830626097,21.374282843551658,1410.6539931576688,39.75913598528816,6.696614990962746,72592507583.12001,5285.9042846108105,-706756.0,-4.894438911965252,1640171.0,13.562919140435422,13568117.583333334,-6928969747.889984,-8.713331266530659,7708162581.770012,11.879849571741278,71486918118.06584,-221.13085885960936,-4.015424871980339,-79.51873977765445,-1.4820590923810293,5268.590197890952,19.909760514988804,11.20084594007297,223490729497.81998,21600.73492883398,-481905.0,-4.450402674609769,1606308.0,18.378530395361263,9955371.083333334,-34687479049.94003,-13.435479022437807,29198831497.089966,15.028332008460929,215877764887.25586,-2242.076202963988,-9.403573222009225,-629.121070008372,-2.8300726286357154,21667.856083556908,14.999767169927564,34.48407161404759,102374278153.12,14008.508496655792,76886.0,1.0632652945511492,1711067.0,30.57147298345167,6407061.333333333,-2621540030.950012,-2.4968042311496106,30511094196.339996,42.457197853479464,90783884729.77333,-511.48338068521844,-3.5226147852286847,1168.7810818934395,9.102849648892427,14133.758294773585,10.5947932700917,15.796100121025617,43.75356031501795,32.96339084975783,23.283048835224225,57.03245456280226,18.218380833017562,56.08897334174714,25.692645825235296,24.51760129982484
2025-05,72872465,61830081,11042384,33046585,28783496,14726634,10942489,7377462,696894875.64386,480533363.09553,216361512.54833,436167930.79335,44365432.30218,78900437.51566,251067351.80761,106200141.47008,False,True,696894875643.86,9563.212602234053,3895121.0,5.646957064626902,15040650.0,26.00757040047939,65699148.583333336,48796437619.57007,7.529170687145097,156072978948.50995,28.858480010181115,616866422456.4259,167.39652059005857,1.7816070380207896,211.57982544241895,2.26249073816827,9373.30106693355,100.0,100.0,480533363095.52997,7771.837838859211,3017613.0,5.130906936263923,12656077.0,25.737332676834697,55688439.083333336,38675190704.53998,8.752851734134545,90323792861.57996,23.14750835235188,420689848817.7949,258.83613331966444,3.4451760223722205,-163.4437833969314,-2.0597099281079,7544.365825071484,84.84697340758268,68.95349354543121,216361512548.33002,19593.731982906047,877508.0,8.632746725095318,2384573.0,27.542446930292197,10010709.5,10121246915.029999,4.907502850595534,65749186086.93002,43.65458500754299,196176573638.63086,-695.7693974649483,-3.4292089510788464,2197.6111318733783,12.632765377362412,19567.486295109557,15.153026592417316,31.046506454568775,436167930793.35,13198.578031386602,1658913.0,5.285237465206085,5351045.0,19.320962869833917,30376470.416666668,37710415559.28998,9.464099462934788,76236966618.16003,21.180996970589355,384501648286.60834,503.8641566506867,3.969086358483747,202.58791257361008,1.5588493890922852,12637.888329070425,45.34852087136067,62.587335053995794,44365432302.18,1541.349678377498,1358700.0,4.954275685405281,7305032.0,34.01096093277434,25311968.666666668,964775145.25,2.222950546028655,14086826243.420002,46.524024970246266,36188200531.18667,-41.18377627171799,-2.602395301706072,131.6303400318884,9.337343714555587,1421.623188160326,39.49845253622202,6.366158491435433,78900437515.66,5357.669479370506,993410.0,7.233625549251946,1809265.0,14.006451313731146,13718889.666666666,6307929932.539993,8.689505491069136,8583064382.380005,12.206178928373234,72202173483.26418,71.76519475969599,1.357671098370634,-85.96018958762306,-1.579096941105386,5261.42684875865,20.208777073754813,11.321712968941553,251067351807.61002,22944.263577291236,596048.0,5.760898844346573,1628818.0,17.488464000929387,10091105.916666666,27576622309.79004,12.339045280202118,37411380312.81003,17.510102830765277,218995379913.32333,1343.528648457257,6.219828412707537,4.225058129457466,0.01841783363148358,21668.208171734364,15.015944636976394,36.0265745354562,106200141470.08,14395.213620901064,69455.0,0.9503959150559106,1912962.0,35.007082075212736,6566474.833333333,3825863316.9600067,3.7371333756685527,30242521922.97,39.81499433932781,93304094890.02083,386.7051242452726,2.7605017646067713,495.01789446497605,3.561229670482454,14175.009785978998,10.123799160629464,15.239047549598048,44.56325517447567,33.112314025791164,22.324430799733165,57.37100562415007,18.089463242322115,57.56208425294845,24.348452504729444,23.911557451555097
2025-06,70580372,60582877,9997495,32183955,28398922,14297325,10481203,7405427,712120838.852311,470357978.25224,241762860.600071,420152334.87806,50205643.37418,76193581.0214201,228810560.51422,115148193.34242,False,True,712120838852.311,10089.502487353157,-2292093.0,-3.1453485208713605,12560573.0,21.648770275815675,66745863.0,15225963208.45105,2.184829267740534,221802805243.51105,45.23651794142989,635349989560.0518,526.2898851191039,5.5032749663659875,1638.6280951685167,19.39004201368699,9509.853408197594,100.0,100.0,470357978252.24,7763.876552977832,-1247204.0,-2.017147608135917,11961516.0,24.601359883776187,56685232.083333336,-10175384843.289978,-2.1175189122648104,130217422728.02002,38.28341566836413,431541300711.79663,-7.961285881378899,-0.10243762217441604,768.1744885247208,10.980663290794,7608.380365781878,85.83530418343503,66.05030390773173,241762860600.071,24182.34373711325,-1044889.0,-9.462530917236712,599057.0,6.374005978440247,10060630.916666666,25401348051.740997,11.740234089030478,91585382515.491,60.9847652814559,203808688848.2551,4588.6117542072025,23.418773708910567,8203.361050354022,51.33844382440961,20251.099715972392,14.16469581656498,33.94969609226826,420152334878.06,13054.714216387016,-862630.0,-2.6103453654893536,5210535.0,19.31729458110985,30810681.666666668,-16015595915.289978,-3.6718875425249764,107664932192.18,34.45416719739177,393473725969.29,-143.86381499958588,-1.0899948059364695,1469.701908497249,12.686235192830434,12760.363488111863,45.59901582836656,59.00014603633819,50205643374.18,1767.87144857752,-384574.0,-1.336092043857355,6750981.0,31.185326124087275,25874550.416666668,5840211072.0,13.16387730028504,22552490535.84,81.55486163795351,38067574742.50667,226.52177020002182,14.696325783677459,490.468076204138,38.39570857659951,1462.495527844004,40.23628835506846,7.0501578713935515,76193581021.4201,5329.2193484739355,-429309.0,-2.915187543874588,1745467.0,13.906044826192264,13864345.25,-2706856494.2398987,-3.4307243146815845,12176038199.340103,19.019846221183798,73216843333.20918,-28.450130896570954,-0.5310169096118574,228.97500041964759,4.4894907928676036,5280.508098793621,20.25680029002964,10.69952975175076,228810560514.22,21830.562819384377,-461286.0,-4.2155491314636,1338637.0,14.641808437587434,10202659.0,-22256791293.390015,-8.864868782479187,51260384074.880005,28.870928265392692,223267078586.22998,-1113.7007579068595,-4.853939871093223,2410.393860326276,12.411806845799877,21869.07432676155,14.850025159969405,32.130861509822175,115148193342.42,15549.163247766806,27965.0,0.37905989891916764,2126431.0,40.28097388215486,6743677.416666667,8948051872.339996,8.425649672849964,44228509917.96001,62.36422355871053,96989804049.85083,1153.9496268657422,8.016203560816008,2114.8504685072676,15.742155949891709,14351.247325021272,10.492190378367514,16.16975477476526,44.42376643889789,32.56654752344763,23.00968603765448,57.70046146405468,18.134751302413594,54.45895250841038,27.40629618917606,24.981162759888882
2025-07,72660980,62367399,10293581,33415146,28952253,14552405,10802846,8059895,805658521.49594,535946417.82921,269712103.66673,484199770.75773,51746647.07148,82297981.27742,275114980.59284,126786808.88747,False,True,805658521495.94,11087.911579171378,2080608.0,2.947856381374697,12452896.0,20.683096309791225,67783604.33333333,93537682643.6289,13.135085724268206,249650538943.65002,44.90053142720331,656154201138.6893,998.409091818221,9.895523521300404,1853.1386780391986,20.06696534802718,9664.281631367527,100.0,100.0,535946417829.20996,8593.374526156045,1784522.0,2.9455880743332807,11323598.0,22.18408068787824,57628865.25,65588439576.96997,13.944366335760696,153408378515.1599,40.102777436263565,444325332254.7266,829.4979731782132,10.684069581967522,1099.0650934778232,14.665328451550913,7699.9691235716955,85.83341292671803,66.52277652746342,269712103666.72998,26201.970302339872,296086.0,2.9616018812712586,1129298.0,12.322818926477936,10154739.083333334,27949243066.658966,11.560602400752185,96242160428.48999,55.48059717545017,211828868883.96262,2019.626565226623,8.35165766884312,7273.054288043939,38.422983558863145,20857.187573309388,14.166587073281972,33.47722347253658,484199770757.73,14490.428105797591,1231191.0,3.8254807403254203,4779408.0,16.690360835121485,31208965.666666668,64047435879.66998,15.243860515081595,130642519789.43,36.95088120287014,404360602618.4092,1435.7138894105756,10.9976661734072,2143.7146748987616,17.362634087982563,12939.006377686761,45.98774472901411,60.09987579584859,51746647071.479996,1787.3098536227903,553331.0,1.948422549278455,6544190.0,29.20462156858449,26419899.583333332,1541003697.2999954,3.0693834273071188,22765858725.729996,78.55500152075257,39964729636.3175,19.43840504527043,1.0995372463824296,493.99019695500965,38.1955222290341,1503.661377590255,39.84566819770391,6.4229007316148365,82297981277.42,5655.283870770501,255080.0,1.7841099646262502,1480044.0,11.321933352360755,13987682.25,6104400255.999893,8.011698852011929,13136968180.490005,18.994759608391487,74311590681.58334,326.0645222965659,6.118429379153572,364.65480254556496,6.892465864516007,5310.895999005751,20.027812726995975,10.2149954455406,275114980592.84,25466.898314836668,321643.0,3.068760332187059,1210680.0,12.621549710461641,10303549.0,46304420078.620026,20.23701177714755,71303624167.18002,34.98510849329829,229209047266.82834,3636.335495452291,16.657085415239127,4219.209687923831,19.857264298290204,22220.67513408854,14.867465316322463,34.147839717751495,126786808887.47,15730.578237988213,654468.0,8.83768079814979,2088684.0,34.979236205185174,6917734.416666667,11638615545.050003,10.107510337083506,46201927441.759995,57.33324491255374,100839964669.9975,181.4149902214067,1.1667186673048904,2235.010681304986,16.561072158822785,14537.49821513002,11.09246668569568,15.737040632556498,43.5503259509924,32.329189882935125,24.120484166072476,57.39404827820478,16.996699760644436,56.818486337221785,26.184813902133786,23.02602033423006
2025-08,71861678,62110257,9751421,33050749,29059508,14646078,10846830,7557841,739116658.37328,520457978.78697,218658679.58631,467613984.97929,52843993.80768,81555212.69386,259271368.21336,126787404.07207,False,True,739116658373.28,10285.268573512576,-799302.0,-1.1000429666651894,12011610.0,20.069501007083236,68784571.83333333,-66541863122.65991,-8.259313511524155,181123133852.16003,32.459719672840855,671247795626.3693,-802.6430056588015,-7.238901572470735,962.0790907350456,10.319205594955113,9744.454888928782,100.0,100.0,520457978786.97003,8379.581794146658,-257142.0,-0.41230194640632684,11535180.0,22.808032501858573,58590130.25,-15488439042.23993,-2.889923045847399,134585316216.45007,34.87816818115588,455540775272.76416,-213.7927320093877,-2.487878671628439,749.8818419247373,9.828457824299589,7762.459277065424,86.43029042544762,70.41621547705942,218658679586.31,22423.263192750062,-542160.0,-5.266971717617028,476430.0,5.1367165747115004,10194441.583333334,-51053424080.41998,-18.92885910062983,46537817635.70999,27.037871591107127,215707020353.6051,-3778.70710958981,-14.421461691575027,3865.7398538487105,20.831119450865103,21179.33256113011,13.569709574552377,29.583784522940576,467613984979.29004,14148.362718778024,-364397.0,-1.0905144631120272,4491524.0,15.727051416836415,31583259.333333332,-16585785778.439941,-3.4254014107616464,109905446172.05005,30.724859557035984,413519389799.4133,-342.0653870195674,-2.3606299587705606,1623.2140564022066,12.959639044270707,13074.27421572028,45.99217541232477,63.266600702581975,52843993807.68,1818.4751719705646,107255.0,0.37045476219070067,7043656.0,31.99356536372065,27006870.916666668,1097346736.2000046,2.1206141814061685,24679870044.4,87.62875157002853,42021385473.35084,31.165318347774246,1.7436998002670696,539.2094972521845,42.14992303071738,1548.5955023612703,40.43811501312285,7.149614774477444,81555212693.86,5568.399450956085,93673.0,0.643694289706753,1381522.0,10.415139413637366,14102809.083333334,-742768583.5599976,-0.9025356054071161,12417229779.36,17.960069495686415,75346359829.86334,-86.8844198144161,-1.53634055866728,356.1644606179243,6.833238740734844,5340.576370723912,20.380929596439426,11.034146202759745,259271368213.36002,23902.96226762658,43984.0,0.4071519671760572,1213864.0,12.60114486026422,10404704.333333334,-15843612379.480011,-5.758905729284139,50484195725.630005,24.179740126801544,233416063577.2975,-1563.9360472100889,-6.141054273181595,2228.7268880217925,10.282839735693743,22406.40237475702,15.094039412772966,35.07854481104373,126787404072.07,16775.611457302424,-502054.0,-6.229038963907098,1896138.0,33.490594614376626,7075745.916666667,595184.6000061035,0.0004694373217756126,47004020667.06001,58.914549196854935,104756966392.2525,1045.0332193142112,6.643323617885395,2683.8472999437654,19.045502535906916,14761.152156792,10.517206403112379,17.153909688778505,44.313906471529585,32.81871161225423,22.867381916216182,57.451578297775995,17.440712919967943,55.44559755304213,27.113689526989926,23.928653826463435
2025-09,72674632,62521533,10153099,33173715,29347818,14297482,10873251,8002982,787573621.98077,558196423.55065,229377198.43012,498395299.4293,59801124.12135,83698856.82797,279397915.16344,135298527.43789,False,True,787573621980.77,10836.981217610706,812954.0,1.1312761163189091,10834740.0,17.520632151168698,69687466.83333333,48456963607.48999,6.556064331460043,219017688348.05005,38.521748765976774,689499269655.3734,551.7126440981301,5.36410537221112,1642.9817579622322,17.870152866259257,9881.370035425634,100.0,100.0,558196423550.65,8928.06680780924,411276.0,0.6621708230896549,10382058.0,19.91208772240227,59455301.75,37738444763.67999,7.251007055677555,176508421865.88007,46.244163056415786,470249810428.25415,548.4850136625828,6.545493881875024,1607.5481089775021,21.959483680221272,7896.421619480217,86.02937679822033,70.87545950901328,229377198430.12,22591.841016237504,401678.0,4.119174015766522,452682.0,4.666624125540171,10232165.083333334,10718518843.809998,4.901940716046048,42509266482.16998,22.748293963038275,219249459227.11926,168.5778234874415,0.7517987994804719,3327.9339132799687,17.27548775797948,21456.660387236774,13.97062320177968,29.12454049098671,498395299429.3,15023.801206144684,122966.0,0.3720520826925889,4348379.0,15.0852673495289,31945624.25,30781314450.00995,6.582633419608529,147007551584.38,41.83627701477506,425770019098.11163,875.4384873666604,6.187560389618502,2833.561763838792,23.244512769822993,13310.404362706846,45.64689780610103,63.282375833743856,59801124121.35,2037.6684945146517,288310.0,0.9921365495933379,6033679.0,25.879913472249612,27509677.5,6957130313.669998,13.165413535906694,29500870281.499996,97.36179253621077,44479791330.142494,219.1933225440871,12.0536879426603,738.0170752685881,56.7857707335646,1610.0969253003193,40.38247899211929,7.593083675269427,83698856827.97,5854.097723499145,-348596.0,-2.380132073583112,1087828.0,8.235098360638364,14193461.416666666,2143644134.1100006,2.6284575360703926,16454729569.099998,24.47013626298421,76717587293.955,285.69827254305983,5.130707217744694,763.5686862609255,14.999790408330266,5404.207094578988,19.673277464961913,10.627432723999187,279397915163.44,25695.894922635372,26421.0,0.24358268729204754,1250320.0,12.99313067920782,10508897.666666666,20126546950.079987,7.762734114750926,77794251721.60999,38.58771730309179,239898917887.43167,1792.9326550087935,7.500880580969184,4745.556253280887,22.651453650353357,22801.86539586376,14.961549444103136,35.475783769998074,135298527437.89,16906.01421293838,445141.0,5.88979048381674,2010231.0,33.544377198385185,7243265.166666667,8511123365.819992,6.712909242137332,52758570293.67,63.91882443249427,109153513916.72499,130.40275563595424,0.777335335691683,3132.714246992855,22.744834242617884,15022.211677374738,11.012070897035983,17.179159339746597,43.098826887492095,32.77670589501357,24.124467217494335,56.802008904547996,16.793668986005983,56.05950045744243,27.14683055655159,23.051391057244132
2025-10,77687855,67284256,10403599,34898781,32385475,14952299,11288220,8658262,766822199.54341,523194337.53573,243627862.00768,462521392.76729,60672944.76844,78477301.16971,241788950.81837,142255140.77921,False,True,766822199543.4099,9870.554407035823,5013223.0,6.898174592751979,10026866.0,14.819272003251385,70523039.0,-20751422437.360107,-2.6348549339641023,120506503037.85986,18.645145660147996,699541478241.8617,-966.4268105748833,-8.917859975658029,318.2894156749953,3.332083186164326,9907.89415339855,100.0,100.0,523194337535.73,7775.880549763826,4762723.0,7.617732277933747,10463426.0,18.414771484330657,60327253.916666664,-35002086014.920044,-6.27056794672279,79811243973.47003,18.00051583659739,476900747426.0433,-1152.1862580454144,-12.905215460950798,-27.298206376482995,-0.34983443580607554,7894.146768948843,86.60846151563845,68.22889815230393,243627862007.68,23417.652103630677,250500.0,2.4672270013323025,-436560.0,-4.0272472018168735,10195785.083333334,14250663577.559998,6.212763812224116,40695259064.389984,20.05358354160685,222640730815.8184,825.8110873931728,3.6553510039294053,4697.206864470438,25.091320235507098,21848.094292609312,13.39153848436155,31.771101847696077,462521392767.29,13253.224883908983,1725066.0,5.200098933749205,3767868.0,12.10330066451954,32259613.25,-35873906662.01001,-7.197882223826816,60885854042.46002,15.159478724360188,430843840268.31665,-1770.5763222357018,-11.785142108453499,351.7228070238634,2.726215947009961,13339.7145966255,44.921797622035,60.31664094267091,60672944768.44,1873.4616295867206,3037657.0,10.35053781511116,6695558.0,26.06298027354467,28067640.666666668,871820647.090004,1.4578666536784204,18925389931.010002,45.332930287073694,46056907157.72666,-164.20686492793106,-8.05856621771262,248.40558766062168,15.285970529742393,1630.7973909387047,41.68666389360345,7.912257209633027,78477301169.70999,5248.510691881563,654817.0,4.579946315022464,935818.0,6.676554550318301,14271446.25,-5221555658.26001,-6.238502957085909,4255496482.419998,5.733485598132761,77072212000.82335,-605.5870316175824,-10.344668986079162,-46.81305501967381,-0.884045192648859,5400.306006660682,19.246636427276826,10.234093537776795,241788950818.37003,21419.581724875137,414969.0,3.816420682278005,984181.0,9.551409888879496,10590912.75,-37608964345.06998,-13.460717601657757,15106756192.49002,6.664288837251845,241157814236.80582,-4276.313197760235,-16.642009202774467,-579.7715991835175,-2.63540291681881,22753.5510959318,14.530224833727228,31.531292516353698,142255140779.21,16429.988002119822,655280.0,8.187947942404469,1847869.0,27.133074405544583,7397254.25,6956613341.319992,5.141677055216649,41523601367.54999,41.222045855822095,112613814030.6875,-476.02621081855614,-2.81572110861144,1639.132406611603,11.082066186281917,15158.806044592371,11.144936361030949,18.55125488854042,42.84476010781007,32.34559969300933,24.809640199180595,56.981719759430064,16.96728030246907,52.27627404901942,30.75644564851151,24.50376856211214
2025-11,75831091,66278509,9552582,33815078,32463431,14591996,10968512,8254570,694972554.52267,493258178.9543,201714375.56837,445063306.34675,48194872.60755,71387311.76767,236948407.01743,136727587.56165,False,True,694972554522.67,9164.744240890192,-1856764.0,-2.3900312346118966,10616639.0,16.279580176492168,71407758.91666667,-71849645020.73987,-9.369791988745424,94253151842.82007,15.690046204991942,707395907562.0968,-705.8101661456312,-7.150663853719536,-46.70175393086356,-0.506996990017861,9904.002340570978,100.0,100.0,493258178954.3,7442.203911893975,-1005747.0,-1.4947731606038714,11221180.0,20.380901514492287,61262352.25,-29936158581.429993,-5.7218047738113365,85041455660.82996,20.8324281706835,483987535397.77924,-333.6766378698512,-4.291174944553204,27.810029955568098,0.37508163712901493,7896.46427144514,87.40281608239027,70.97520265287108,201714375568.37003,21116.215026300746,-851017.0,-8.180025008653255,-604541.0,-5.951892085977495,10145406.666666666,-41913486439.30997,-17.203896998442943,9211696181.990051,4.785230112823978,223408372164.3176,-2301.4370773299306,-9.827787461976666,2163.7341528900397,11.416627550463012,22028.405472016817,12.59718391760973,29.02479734712892,445063306346.75,13161.682085924806,-1083703.0,-3.105274651283665,3777960.0,12.57763810762404,32574443.25,-17458086420.539978,-3.774546797951836,70722069663.29999,18.892406909235035,436737346073.5916,-91.54279798417701,-0.6907209285743052,699.0604494731997,5.609256782927082,13397.969634081599,44.59263021812517,64.04041475457028,48194872607.55,1484.5896173928752,77956.0,0.24071285043680848,7443220.0,29.74882985599122,28687909.0,-12478072160.89,-20.566122525473112,14319385997.530006,42.27064296485852,47250189324.1875,-388.8720121938454,-20.75687092025628,130.66472003609442,9.650810047971383,1641.6861176083792,42.810185864265094,6.934787898300793,71387311767.67,4892.223912867712,-360303.0,-2.409682952434271,996046.0,7.326049301446387,14354450.083333334,-7089989402.039993,-9.034446007142416,-249906482.57000732,-0.3488500651952242,77051386460.60918,-356.2867790138507,-6.788340539440224,-376.7876861923023,-7.151012654053007,5368.907032811324,19.242761521128582,10.271961288701702,236948407017.43,21602.602706495647,-319708.0,-2.8322268701354156,1062802.0,10.729185489985069,10679479.583333334,-4840543800.940033,-2.001970637846149,24437062402.299988,11.499180171560667,243194236103.66418,183.0209816205097,0.8544563753453808,149.18395961834176,0.6953854832114184,22765.98309256666,14.46439956930067,34.09464236759305,136727587561.65001,16563.86553892571,-403692.0,-4.662506170406948,1719112.0,26.304384482311722,7540513.583333333,-5527553217.559982,-3.885661486314322,46534913743.57002,51.595004088061145,116491723509.31834,133.87753680588867,0.8148364855081792,2763.352427514088,20.023548437695958,15389.08541355188,10.88546912769592,19.67381109827553,43.152335771634185,32.436749073889466,24.410915154476356,57.08805161462362,16.039810685280795,53.23925914324261,30.72093017147659,23.15246253303032
2025-12,79182830,68705699,10477131,35341000,33364699,15133347,11403036,8804617,755185988.77236,515237549.97474,239948438.79762,466585865.05453,48651684.92021,74149119.17463,234383990.29462,158052755.58528,False,True,755185988772.36,9537.244233028296,3351739.0,4.420006300581908,11071550.0,16.255090199450077,72330388.08333333,60213434249.68994,8.664145635369227,133855957470.64001,21.543455285785004,718550570684.65,372.49999213810406,4.064488679085302,414.9662300055952,4.548932074511374,9938.582859738111,100.0,100.0,515237549974.74005,7499.196681991985,2427190.0,3.6621071243470493,10843616.0,18.740452188698427,62165986.916666664,21979371020.440063,4.455956729807502,104883169831.20001,25.559169075888104,492727799550.3792,56.992770098010624,0.7658050057849929,407.2573865549366,5.74253909388319,7930.4023869913835,86.76843073176343,68.22657698036967,239948438797.62,22902.113068703635,924549.0,9.678524612507907,227934.0,2.2239205666551243,10164401.166666666,38234063229.24997,18.95455548049957,28972787639.440002,13.732763700640277,225822771134.2709,1785.8980424028887,8.45747232720689,2317.5100838863873,11.258463841132773,22221.53131234068,13.231569268236562,31.773423019630336,466585865054.53,13202.395660975355,1525922.0,4.512549106052631,3820884.0,12.122049297026699,32892850.25,21522558707.78003,4.835842092767752,90878888884.68005,24.188768015740926,444310586813.9817,40.71357505054948,0.3093341321022247,1282.801958659984,10.762128229343931,13504.869797303267,44.63215068216178,61.78423222774803,48651684920.21,1458.1784454344995,901268.0,2.776256151113541,7022732.0,26.65986180910484,29273136.666666668,456812312.65999603,0.9478442164995654,14004280946.519997,40.419423507615015,48417212736.3975,-26.41117195837569,-1.7790217342862065,142.88547685360345,10.863395476656908,1653.5932406795127,42.13628004960166,6.442344752621643,74149119174.63,4899.71710650856,541351.0,3.7099174095168337,890734.0,6.254006901682999,14428677.916666666,2761807406.9600067,3.8687651048526783,1975482210.3400116,2.737124375923357,77216009978.13751,7.4931936408484034,0.15316538601472274,-167.72641416352326,-3.3098822607356477,5354.9298316310305,19.111904689438354,9.818656632542636,234383990294.62,20554.525154057217,434524.0,3.961558322587421,1069287.0,10.347522472241197,10768586.833333334,-2564416722.8099976,-1.082267973475491,33590853066.889984,16.729084235978064,245993473859.2383,-1048.0775524384298,-4.851626290952828,1123.712848888008,5.783149109978614,22859.625829973997,14.400894739427727,31.03659148597786,158052755585.28,17951.122187970243,550047.0,6.663545163467025,1860863.0,26.799091672890484,7695585.5,21325168023.62999,15.59682899693856,55312553607.45001,53.83730277207918,121101102976.60583,1387.2566490445315,8.375198686468602,3155.062019676552,21.323663081862147,15652.007248524926,11.119351253295696,20.928984109227528,42.820936023315696,32.265742338926465,24.913321637757846,57.02867267178048,15.891848580960371,50.233838581292524,33.8743128377471,24.032791586674133
2026-01,81195013,70838417,10356596,36265665,34572752,15240747,11744016,9280902,819127466.58952,577030402.53808,242097064.05144,516504238.15316,60526164.38492,84342089.56845,267871991.77308,164290156.81163,False,True,819127466589.52,10088.396273666709,2012183.0,2.5411860121695575,10411702.0,14.709261057313356,73198029.91666667,63941477817.160034,8.46698412944659,137253078589.84998,20.12879219477538,729988327233.8043,551.1520406384134,5.7789443907677915,455.1313364038833,4.72458028890466,9976.5104711051,100.0,100.0,577030402538.08,8145.726951211797,2132718.0,3.104135509923274,10398674.0,17.20502683143441,63032543.083333336,61792852563.339905,11.99308019502254,119109148473.51996,26.01083645196503,502653561923.1724,646.530269219812,8.62132701189638,569.234541828786,7.513167189659223,7977.83859881045,87.24478805120704,70.44451884156396,242097064051.44,23376.123202202733,-120535.0,-1.1504580786476755,13028.0,0.125952669330351,10165486.833333334,2148625253.8200073,0.8954529000425065,18143930116.329987,8.101663860433922,227334765310.63174,474.0101334990977,2.0697222657015244,1724.6839759019022,7.965678206771874,22365.254976999175,12.755211948792963,29.55548115843603,516504238153.16,14242.238165304841,924665.0,2.616408703771823,3337168.0,10.13458950161011,33170947.583333332,49918373098.629944,10.69864666663144,95973428469.81995,22.821973149146434,452308372519.8,1039.8425043294865,7.876165288722047,1471.2085709890107,11.519890077177651,13627.470511552348,44.6648921652368,63.05541679656431,60526164384.92,1750.6898029095282,1208053.0,3.6207519810084308,7061506.0,25.667706944280166,29861595.5,11874479464.71,24.407128929212725,23135720003.699997,61.876023103165664,50345189403.3725,292.5113574750287,20.060052210404734,391.5930763846736,28.81274516685493,1686.2259970449022,42.57989588597024,7.389102044999644,84342089568.45,5533.986593206357,107400.0,0.7096909890455826,455687.0,3.0820774484513422,14466651.833333334,10192970393.819992,13.746583246409621,7413463400.479996,9.63680721958176,77833798594.84418,634.2694866977963,12.945022598452912,330.8540954031687,6.358748226051487,5382.5010062479605,18.770545673784177,10.2965769075737,267871991773.08,22809.232529407316,340980.0,2.9902562791172453,910553.0,8.405004013951956,10844466.25,33488001478.45999,14.287665909418843,31560495924.880005,13.355463648350652,248623515186.31165,2254.707375350099,10.969396560859236,996.124768001755,4.566633873987556,22942.636227307477,14.463962214034007,32.7021132484275,164290156811.63,17701.96009090819,476285.0,5.409491406610872,1970928.0,26.962175241662965,7859829.5,6237401226.350006,3.946404606014295,56999469144.46001,53.12620357255976,125851058738.64417,-249.16209706205336,-1.3880029028437384,3024.659232222508,20.607734769111758,15904.062184543467,11.430384277418614,20.056726640563117,42.025279282759605,32.38329146866602,25.591429248574375,56.479084140927974,16.329409003501706,51.86249637193633,31.808094624561967,23.946257130664332
2026-02,73712889,64163480,9549409,32830196,31333284,14081048,10862638,7886510,728697685.02765,509772955.75005,218924729.2776,461720663.53416,48052292.21589,75030648.12364,253347206.06027,133342809.35025,False,True,728697685027.65,9885.621021143941,-7482124.0,-9.215004374714491,10042557.0,15.772741690745384,74034909.66666667,-90429781561.87,-11.039769175166244,92938041860.40002,14.618424251875753,737733164055.5043,-202.77525252276791,-2.0099850067553664,-99.55768292265566,-0.9970545933455298,9968.213997528213,100.0,100.0,509772955750.05,7944.908158816354,-6674937.0,-9.422764204344091,10372603.0,19.283201127209733,63896926.666666664,-67257446788.02997,-11.655789104386306,80313548782.08997,18.70108035334799,509346357655.01337,-200.81879239544287,-2.465326834526022,-38.96254416474858,-0.4880157208733394,7974.5917201300545,87.04512992293655,69.95671404262893,218924729277.59998,22925.474160505637,-807187.0,-7.793941175266468,-330046.0,-3.3407308399096913,10137983.0,-23172334773.840027,-9.571505901829708,12624493078.309967,6.1194758236313715,228386806400.49094,-450.6490416970955,-1.9278177044114435,2043.731574574529,9.787169658682966,22535.565941547055,12.954870077063458,30.043285957371058,461720663534.16003,14063.902132480722,-3435469.0,-9.473062192572506,3856618.0,13.310810283769579,33492332.416666668,-54783574618.99994,-10.606606988335082,72377335752.92004,18.589591907322127,458339817165.87665,-178.33603282411968,-1.252162972941708,626.0268455127134,4.658674322717011,13679.639415345076,44.53793148712432,63.36244412751775,48052292215.89,1533.5862087066903,-3239468.0,-9.370003290452551,6515985.0,26.255818572359544,30404594.25,-12473872169.029999,-20.609057745178784,7936213029.169998,19.783122354083886,51006540489.136665,-217.10359420283794,-12.401031515807452,-82.87008602224068,-5.126651818083176,1679.3201565430484,42.50719843581222,6.5942699151111865,75030648123.64,5328.484649980598,-1159699.0,-7.609200520158231,1092743.0,8.41328410443087,14557713.75,-9311441444.809998,-11.040088634812701,4140940916.4299927,5.841385272372557,78178877004.54668,-205.50194322575862,-3.713452133730091,-129.47981937933855,-2.3723096789327913,5371.711021299682,19.10255884829043,10.296539932165834,253347206060.27002,23322.806675530384,-881378.0,-7.5049114374503585,1254233.0,13.053498473471926,10948985.666666666,-14524785712.809967,-5.422286076520542,26189478065.080017,11.529204089254922,250805971691.735,513.5741461230682,2.251606429374295,-318.75797491784397,-1.3482947496531306,22916.073062730993,14.736416042518696,34.76712102504578,133342809350.25,16907.708143431,-1394392.0,-15.024315524503976,1509642.0,23.673721958804855,7985633.0,-30947347461.380005,-18.83700646586105,42046916771.41,46.055650022918314,129354968469.59502,-794.2519474771907,-4.486802271603371,2590.978899727037,18.097561640110406,16119.977092854053,10.698956596315199,18.29878317030613,42.890538941649936,33.08733825408779,24.02212280426227,56.45135205759084,16.250225309244563,54.87023346996606,28.879541220789385,22.848875820236838
2026-03,82792549,71493088,11299461,36299424,35193664,15245824,11858523,9195077,809879279.88302,567500086.32891,242379193.55411,509063090.40127,58436995.92764,82163059.18692,275648895.02328,151251136.19107,False,True,809879279883.02,9782.030987873317,9079660.0,12.31760160695913,11610782.0,16.31145515114847,75002474.83333333,81181594855.37,11.140641245798607,111350160043.03003,15.940661152184562,747012344059.0902,-103.59003327062419,-1.047885945142544,-31.284265174419488,-0.3187940504072106,9965.606975430344,100.0,100.0,567500086328.91,7937.831505178655,7329608.0,11.423333023707567,10224944.0,16.688842410502918,64749005.333333336,57727130578.86005,11.324086522778309,81187553127.24005,16.694522058219754,516111987082.2834,-7.076653637699565,-0.08907156000093847,0.386342784475346,0.004867344297454183,7974.623915362093,86.35207982302852,70.0721824135173,242379193554.11,21450.509325543047,1750052.0,18.32628595130861,1385838.0,13.979127509690453,10253469.5,23454464276.51001,10.713483284370941,30162606915.789978,14.21312414528465,230900356976.80676,-1474.9648349625895,-6.433737529859047,43.94720003958719,0.20529779504962709,22539.228208217017,13.647920176971482,29.927817586482707,509063090401.26996,14023.999124649194,3469228.0,10.567186379271083,3799977.0,11.692435874370416,33808997.166666664,47342426867.109924,10.253478045521204,66367586338.42999,14.991701006525066,463870449360.74585,-39.90300783152816,-0.2837264327897431,402.3672223328267,2.953884125032067,13713.170017206145,43.84382947310875,62.85666309117078,58436995927.64,1660.4408091081395,3860380.0,12.320381100174497,6424967.0,22.333187352906528,30940008.166666668,10384703711.75,21.61125564019602,14819966788.809998,33.97747870823357,52241537721.5375,126.85460040144926,8.271761944731413,144.31273633411024,9.518505654345159,1691.3462179042247,42.50825034991978,7.2155193223465,82163059186.92,5389.2173481026675,1164776.0,8.271941122564174,805844.0,5.580644848538571,14624867.416666666,7132411063.279999,9.505996871474153,2641581855.9100037,3.3218470588949924,78399008825.87251,60.73269812206945,1.1397742906567365,-117.8177953677523,-2.1394051844293474,5361.8928716857035,18.414487999397146,10.145099550983417,275648895023.28,23244.79153291519,995885.0,9.16798479338076,1030177.0,9.513705971345948,11034833.75,22301688963.01001,8.80281622592852,17470686475.52002,6.76690979219036,252261862231.3617,-78.01514261519333,-0.3345015190519268,-598.0195988827763,-2.508175716265384,22866.238096157424,14.323176594067663,34.03580038040918,151251136191.06998,16449.142969772845,1308567.0,16.592472462470724,1963956.0,27.159772322991138,8149296.0,17908326840.819977,13.430290638155359,46255318006.99997,44.05443836430605,133209578303.51167,-458.56517365815307,-2.712166366772278,1929.1510924318354,13.286171980869685,16280.73968389004,11.10616487964394,18.675763159778196,42.00018160067774,32.668625816211296,25.331192583110962,56.248630524100065,16.140054295068772,54.14827753589427,29.711668169036958,22.962636720251258
2026-04,80166313,69965309,10201004,34821673,35143636,14422744,11304545,9094384,780767854.78623,563773310.84258,216994543.94365,504001944.99281,59771365.84977,79263344.22307,272108448.76586,152630152.00388,False,True,780767854786.23,9739.350926445002,-2626236.0,-3.1720680565107373,11188969.0,16.221223304857897,75934888.91666667,-29111425096.79004,-3.5945388183032576,132669416761.94006,20.470565731708763,758068128789.2518,-42.68006142831473,-0.43631083852857105,343.53484480100815,3.656253398490316,9994.234879163763,100.0,100.0,563773310842.58,8057.89781965488,-1527779.0,-2.1369604289578317,11152841.0,18.96339565277213,65678408.75,-3726775486.330078,-0.6567004263273583,121915138451.58997,27.591463974035115,526271581953.2491,120.06631447622476,1.512583309407529,544.8961141153331,7.2527085108148714,8020.031924871705,87.275198748382,72.20754637714151,216994543943.65,21271.881075985264,-1098457.0,-9.72132210554114,36128.0,0.35541997757769006,10256480.166666666,-25384649610.45999,-10.473114147396068,10754278310.349976,5.214441650046811,231796546836.00256,-178.62824955778342,-0.8327459588340623,982.3796956142687,4.841812902137992,22621.093182851542,12.724801251617995,27.792453622858478,504001944992.81,14473.800411393502,-1477751.0,-4.071003991688683,3434001.0,10.94060432388869,34095163.916666664,-5061145408.459961,-0.9942078897274801,105544429758.75,26.488251751695934,472665818507.30835,449.8012867443085,3.2073681889620067,1779.0865366575872,14.014388620433534,13861.427228594277,43.43678996438317,64.55208701321381,59771365849.770004,1700.7735298012421,-50028.0,-0.14215058710567902,7718840.0,28.145478274478325,31583244.833333332,1334369922.130005,2.2834334670151377,16370708692.840004,37.71995579155882,53605763445.940834,40.3327206931026,2.42903694439829,118.24007515202607,7.471568756076322,1701.1995575002268,43.83840878399884,7.655459363927718,79263344223.06999,5495.718721976206,-823080.0,-5.398724267051751,689520.0,5.020816670579319,14682327.416666666,-2899714963.850006,-3.529219813070967,6670836639.949982,9.189428581609098,78954911879.20168,106.5013738735388,1.9761937029879444,209.81443736539586,3.9693196484136495,5379.37740813282,17.99102822653201,10.15197330898976,272108448765.86002,24070.71215744287,-553978.0,-4.671559856147346,958104.0,9.260227744013617,11114675.75,-3540446257.4200134,-1.2844042988530768,48617719268.04004,21.75379684753961,256313338837.03165,825.92062452768,3.553142747518971,2469.977228608892,11.434690702638155,23072.069531874833,14.101365744486715,34.85138983345591,152630152003.88,16782.90162411,-100693.0,-1.0950751146510247,1786377.0,24.44410630695893,8298160.75,1379015812.810028,0.9117391429496228,50255873850.76001,49.09033280370768,137397567791.075,333.75865433715444,2.02903370072516,2774.3931274542083,19.805057248718025,16511.939111177893,11.344395993364445,19.548723870768132,41.41887151717265,32.464106477595145,26.117022005232197,56.060100230537316,15.726793321045765,53.98956322871767,30.283643450236564,22.55825476166415
2026-05,84494019,73779809,10714210,36597289,37182520,15258854,11963087,9375348,784560654.49848,570951881.51544,213608772.98304,505670548.45062,65281333.06482,80492202.15375,272551347.98204,152626998.31483,False,True,784560654498.48,9285.398703764818,4327706.0,5.398409678638957,11621554.0,15.947798664420093,76903351.75,3792799712.25,0.4857781591544196,87665778854.62,12.579483924835252,765373610360.4701,-453.9522226801837,-4.6610110479496045,-277.8138984692341,-2.9050268986421393,9971.083720957993,100.0,100.0,570951881515.44,7738.592566910006,3814500.0,5.4519876414752915,11949728.0,19.326722214709697,66674219.416666664,7178570672.859985,1.2733080007159876,90418518419.90997,18.81628318946395,533806458488.2417,-319.30525274487354,-3.962637152906332,-33.245271949204835,-0.4277658983436117,8017.2614855426045,87.31956400369593,72.77345330048617,213608772983.04,19936.959699598945,513206.0,5.030936170596542,-328174.0,-2.971948811053845,10229132.333333334,-3385770960.6099854,-1.560302346352642,-2752739565.2900085,-1.272287077709864,231567151872.2284,-1334.921376386319,-6.275521058141721,343.22771669289796,1.751722014939964,22649.695492575946,12.680435996304071,27.226546699513833,505670548450.62,13817.1586548561,1775616.0,5.099169129524593,3550704.0,10.744541379994333,34391055.916666664,1668603457.8099976,0.33107083700516304,69502617657.27002,15.934829855750984,478457703312.0808,-656.6417565374013,-4.536761167581842,618.5806234694992,4.686721721070986,13912.975613883404,43.31346695675584,64.4527029938639,65281333064.82,1755.699534749662,2038884.0,5.801573861054104,8399024.0,29.179999538624497,32283163.5,5509967215.049995,9.218406065705118,20915900762.64,47.14458910301714,55348755176.16083,54.92600494841986,3.229472001180468,214.3498563721639,13.906633866352722,1719.06204553124,44.00609704694009,8.320750306622275,80492202153.75,5275.114510811231,836110.0,5.797163147317875,532220.0,3.6139962465285684,14726679.083333334,1228857930.680008,1.5503483264870153,1591764638.0899963,2.017434488590847,79087558932.37584,-220.6042111649749,-4.014110297945668,-82.55496855927504,-1.5408746074603832,5372.497827419547,18.059093626496807,10.259525722100298,272551347982.03998,22782.693796512554,658542.0,5.825462236649065,1020598.0,9.32692735628978,11199725.583333334,442899216.17996216,0.162765698084245,21483996174.429962,8.55706487512279,258103671851.5675,-1288.0183609303167,-5.350977372441598,-161.5697807786819,-0.7041837722723571,23058.60538347661,14.15850156210465,34.73935971926413,152626998314.83002,16279.60885450119,280964.0,3.0894230989146707,1997886.0,27.080939217308064,8464651.25,-3153689.049987793,-0.002066229384288121,46426856844.750015,43.716379471895486,141266472528.1375,-503.29276960881,-2.998842398538457,1884.3952336001257,13.090429105297103,16668.972047311236,11.095871768154382,19.45381755249947,41.69394623738387,32.68845132217307,25.61760244044306,56.053512128323256,15.917913827565986,53.898995861463604,30.18309031097041,22.79951074670265
2026-06,82337952,71906985,10430967,36002263,35904722,14843012,11796180,9363071,886135998.75837,623606192.29121,262529806.46716,555143081.15994,68463111.13127,83169197.9999,306866274.06409,165107609.09595,False,True,886135998758.37,10762.18168212843,-2156067.0,-2.551739194699686,11757580.0,16.658427359946472,77883150.08333333,101575344259.89001,12.946780300220473,174015159906.05896,24.436184199652175,779874873685.975,1476.7829783636116,15.904357211552385,672.6791947752736,6.6671195692597705,10027.1403205226,100.0,100.0,623606192291.2101,8672.400772904191,-1872824.0,-2.5383963788792134,11324108.0,18.691928414030254,67617895.08333333,52654310775.77014,9.222197610771204,153248214038.9701,32.58118733489141,546577142991.4892,933.8082059941853,12.0668997355814,908.5242199263594,11.701940567021191,8092.971837203135,87.33151997756757,70.37364390623904,262529806467.15997,25168.30956009735,-283243.0,-2.6436200149147724,433472.0,4.3358061194329185,10265255.0,48921033484.119965,22.902164925597027,20766945867.08896,8.589799862370946,233297730694.48584,5231.349860498405,26.239456463382627,985.9658229841007,4.077213663417224,22731.859311157954,12.668480022432426,29.62635609376097,555143081159.9401,15419.671845626484,-595026.0,-1.6258745285750535,3818308.0,11.864011119826634,34709248.25,49472532709.32007,9.783550349314279,134990746281.88007,32.129000620943394,489706932168.90424,1602.5131907703835,11.597993703337648,2364.9576292394686,18.115736507436065,14110.055416320023,43.724992091131924,62.647616385948844,68463111131.270004,1906.799644104472,-1277798.0,-3.436555671858712,7505800.0,26.42987645798668,32908646.833333332,3181778066.4500046,4.873947753626158,18257467757.090004,36.36536956815405,56870210822.585,151.10010935481,8.606262424985763,138.9281955269521,7.858501003494214,1730.6393951584862,43.60652788643565,7.726027520290191,83169197999.9,5603.256131565479,-415842.0,-2.7252505332313945,545687.0,3.8167069714089874,14772153.0,2676995846.149994,3.3257828392328026,6975616978.479889,9.1551242046477,79668860347.24916,328.1416207542479,6.220559195098587,274.03678309154384,5.1421561991066564,5395.334226010508,18.026938537407393,9.385601997485086,306866274064.09,26014.037939747446,-166907.0,-1.395183366968743,1314977.0,12.546050295944081,11309307.0,34314926082.05005,12.590261004436956,78055713549.87003,34.113684864217205,264608314647.39,3231.344143234892,14.183327801778766,4183.475120363069,19.163386464083125,23407.228310173534,14.326540451236875,34.62970407409956,165107609095.95,17633.91616873887,-12277.0,-0.130949805809875,1957644.0,26.4352615993649,8627788.25,12480610781.119995,8.177197297280081,49959415753.530014,43.38706001662053,145429757174.26498,1354.3073142376797,8.319040870955718,2084.7529209720633,13.407492658947282,16842.70145739224,11.37151310248766,18.632310314364204,41.227997251172795,32.76510701563399,26.006895733193215,55.718701978648596,14.981578771750637,55.27696993411326,29.741451294136102,21.32349592712303
2026-07,84300073,73826582,10473491,36627353,37199229,15073598,11932991,9620764,857353464.06026,566097298.04765,291256166.01261,513715414.88238,52381883.16527,76173076.8132,276853793.80439,160688544.26479,False,True,857353464060.26,10170.25767059846,1962121.0,2.383009234915146,11639093.0,16.01835400513453,78853074.5,-28782534698.109985,-3.248094506761863,51694942564.32007,6.416483061376095,784182785566.335,-591.9240115299708,-5.500037343849285,-917.6539085729182,-8.27616546200395,9950.669161474856,100.0,100.0,566097298047.65,7667.933184928567,1919597.0,2.669555676684261,11459183.0,18.373674682184518,68572827.0,-57508894243.56006,-9.221988965867212,30150880218.440063,5.625726605387675,549089716343.0259,-1004.4675879756242,-11.58234742926036,-925.441341227478,-10.769242495025324,8015.851725434179,87.57594077053766,66.028461046477,291256166012.61005,27808.890656669304,42524.0,0.4076707365673767,179910.0,1.7477882575558497,10280247.5,28726359545.450073,10.942132602776848,21544062345.880066,7.98779960298,235093069223.30917,2640.581096571954,10.491690315023844,1606.9203543294316,6.132822592299219,22865.76934068541,12.424059229462351,33.971538953523,513715414882.38,14025.458374848437,625090.0,1.7362519683832098,3212207.0,9.613026978843665,34976932.166666664,-41427666277.56006,-7.462520507505793,29515644124.650024,6.0957575585921155,492166569179.2917,-1394.2134707780478,-9.041784317696045,-464.96973094915484,-3.208806030810928,14071.307938740925,43.44877969441379,59.91874255100379,52381883165.270004,1408.1443237780547,1294507.0,3.6053948558632483,8246976.0,28.484746938347076,33595894.833333336,-16081227966.0,-23.488894530612445,635236093.7900085,1.2275888965569655,56923147163.73417,-498.65532032641727,-26.15142717632563,-379.1655298447356,-21.214314299011193,1699.0422676714252,44.12716107612386,6.109718495473214,76173076813.2,5053.410394333191,230586.0,1.5534987103695665,521193.0,3.5814904821574163,14815585.75,-6996121186.699997,-8.411913731221034,-6124904464.220001,-7.442350795426478,79158451641.89749,-549.8457372322882,-9.812968108574902,-601.8734764373103,-10.642674889374003,5345.178102974066,17.880883685593012,8.884675924963206,276853793804.39,23200.70414905953,136811.0,1.1597907119084312,1130145.0,10.4615487437292,11403485.75,-30012480259.700012,-9.780312401952587,1738813211.5499878,0.6320314538317952,264753215748.3525,-2813.333790687917,-10.814675511752673,-2266.1941657771386,-8.898587247497215,23218.378796358767,14.155374456200057,32.29167495203951,160688544264.79,16702.26442149397,257693.0,2.7522273407944895,1560869.0,19.365872632335783,8757860.666666666,-4419064831.160004,-2.6764755757512817,33901735377.320007,26.739166065303838,148254901789.04166,-931.6517472449013,-5.283294637050158,971.6861835057553,6.177053181422175,16923.67530601772,11.412521552620719,18.74239167400108,41.15393760504615,32.57945230167192,26.266610093281923,55.814519930673214,14.827874462486305,53.89244429579328,31.279681241720414,21.577132834093273
2026-08,82587554,72786521,9801033,36207472,36579049,15097733,11907008,9202731,806269783.54935,558002819.16856,248266964.38079,512190847.78273,45811971.38583,75795909.83524,283627585.07741,152767352.87008,False,True,806269783549.35,9762.606403736694,-1712519.0,-2.03145612934404,10725876.0,14.92572438956964,79746897.5,-51083680510.910034,-5.9582987241910255,67153125176.06995,9.08559216130605,789778879331.0074,-407.6512668617652,-4.008268817419031,-522.6621697758819,-5.081657965858881,9907.113980660199,100.0,100.0,558002819168.56,7666.293312309295,-1040061.0,-1.408789316563511,10676264.0,17.189212403355537,69462515.66666667,-8094478879.089966,-1.4298741412485299,37544840381.59003,7.213808205822049,552218453041.4917,-1.639872619271955,-0.02138610991675238,-713.2884818373623,-8.512220530332572,7956.411018614398,88.13255445245419,69.20795378342564,248266964380.79,25330.693650433583,-672458.0,-6.420571708134375,49612.0,0.5087668761301558,10284381.833333334,-42989201631.82004,-14.759928423269434,29608284794.48001,13.540868741408863,237560426289.51584,-2478.1970062357213,-8.911527744244571,2907.43045768352,12.966134467991067,23108.055212159034,11.86744554754582,30.792046216574377,512190847782.73,14145.9985878807,-419881.0,-1.1463591158225384,3156723.0,9.551139067982998,35239992.416666664,-1524567099.6500244,-0.2967726985570578,44576862803.43994,9.532833541198343,495881307746.24493,120.54021303226364,0.8594386708132541,-2.3641308973237756,-0.016709572296913538,14071.110927832817,43.84131778500184,63.525988227906836,45811971385.83,1252.4101265134038,-620180.0,-1.667185091389932,7519541.0,25.876353446864965,34222523.25,-6569911779.440002,-12.542335980383301,-7032022421.849998,-13.307136563981677,56337145295.246666,-155.7341972646509,-11.059533787475397,-566.0650454571607,-31.128555076380422,1651.870180549995,44.29123666745234,5.6819655555187945,75795909835.24,5020.350395336836,24135.0,0.1601143933916773,451655.0,3.0837948562065556,14853223.666666666,-377166977.95999146,-0.49514473320399255,-5759302858.619995,-7.061845182403151,78678509737.0125,-33.05999899635481,-0.6542116395974436,-548.049055619249,-9.842128971641031,5299.507348339129,18.28088164470884,9.400812405690347,283627585077.41,23820.22293740039,-25983.0,-0.21774088323706942,1060178.0,9.77408145974446,11491833.916666666,6773791273.0199585,2.4467034314169287,24356216864.049957,9.394102029810982,266782900487.02335,619.5187883408616,2.6702585592255597,-82.73933022618803,-0.34614676331664374,23211.483852173256,14.417436312498127,35.177752021020616,152767352870.08,16600.21931208029,-418033.0,-4.345112300852614,1644890.0,21.76401964529288,8894934.833333334,-7921191394.710022,-4.92953087038807,25979948798.00998,20.49095411973428,150419897522.20917,-102.04510941367698,-0.6109657160160643,-175.39214522213297,-1.0455186427543586,16909.059293915874,11.142999827794876,18.947423801195875,41.697837949028866,32.88549943503374,25.416662615937398,55.907712649419594,14.798372552606102,55.37537156417993,29.826255883213964,21.088190089983
